day_number,class_level,topic,hook,lesson_url,think_question,q1_text,q1_a,q1_b,q1_c,q1_correct,q2_text,q2_a,q2_b,q2_c,q2_correct,q3_text,q3_a,q3_b,q3_c,q3_correct
1,7,Why does your stomach not digest itself?,Your stomach acid can dissolve metal — so what stops it from eating through your own body?,https://elevatestemdaily.github.io/elevate-stem-daily-lessons/lessons/class-7/ttt4fgyo45.html,"If scientists could replicate the stomach's protective mucus, what medical problems might it solve?",What is the main phenomenon studied when we ask why the stomach does not digest itself?,The stomach lining is protected by a thick layer of mucus that neutralises acid.,The stomach produces no acid when it is not digesting food.,Stomach cells are made of a special acid-proof protein called keratase.,q1_a,Why is understanding the cause-and-effect mechanism more useful than just memorising the answer?,"Memorised answers are always correct, so mechanisms are unnecessary.",A mechanism explains the cause-and-effect chain and allows prediction in new situations.,"Mechanisms only apply to chemistry, not to biology or physics.",q2_b,"If the mucus lining of the stomach were damaged, what would you predict would happen?",The stomach would produce less hydrochloric acid to compensate for the damage.,Digestion would slow down because enzymes would have less space to work.,"Stomach acid could begin to digest the stomach wall, causing ulcers.",q3_c
1,8,What actually happens when you eat food?,Food travels over 9 metres through your body in a journey that takes days. What really happens along the way?,https://elevatestemdaily.github.io/elevate-stem-daily-lessons/lessons/class-8/rlmofl7g2g.html,"If we could engineer artificial digestion outside the body, what health conditions might become curable?",What is the correct sequence of digestion in the human body?,"Mouth, oesophagus, stomach, small intestine, large intestine","Mouth, stomach, oesophagus, large intestine, small intestine","Oesophagus, mouth, stomach, small intestine, large intestine",q1_a,Why is identifying the mechanism of digestion more useful than memorising the result?,Memorised facts are always accurate and never need updating,A mechanism explains the cause-and-effect chain and allows prediction,Results are easier to remember than mechanisms in biology,q2_b,"If a person's stomach produced no acid, what would you predict?",Food would be digested faster due to reduced friction,More nutrients would be absorbed in the large intestine instead,Protein digestion would be severely impaired,q3_c
1,9,What is matter really made of?,A single grain of sand contains more atoms than there are grains of sand on all of Earth's beaches. How?,https://elevatestemdaily.github.io/elevate-stem-daily-lessons/lessons/class-9/klpgn18342.html,"If atoms are mostly empty space, why can't your hand pass straight through a table?",Which best describes what matter is made of at its most fundamental level?,Matter is made of tiny particles called atoms and molecules,"Matter is made of continuous, unbroken fluid that fills all space",Matter is made of invisible waves that have no mass,q1_a,Why is identifying the mechanism more useful than just memorising the result?,Mechanisms are shorter to write and easier to remember in exams,A mechanism explains cause-and-effect and allows prediction in new situations,Mechanisms are always visible so they are easier to verify directly,q2_b,"If the number of particles in a fixed space were doubled, what would you predict?",The particles would slow down and stop moving entirely,The particles would merge into one large continuous substance,The density of matter would increase and collisions between particles would rise,q3_c
1,10,Chemical reactions happening inside your body,"Right now, thousands of chemical reactions are firing inside you — and without them, you'd be dead in seconds.",https://elevatestemdaily.github.io/elevate-stem-daily-lessons/lessons/class-10/h3mmn9xktv.html,"If we could speed up or slow down specific body reactions on demand, which disease would you target first?",Which chemical process inside your body breaks glucose into energy?,Cellular respiration converts glucose into ATP energy,Photosynthesis converts glucose into oxygen and water,Fermentation converts glucose into starch for storage,q1_a,Why is understanding the mechanism of a reaction more useful than just knowing the result?,Because memorised results are always accurate and never need explaining,A mechanism reveals cause-and-effect chains and allows prediction in new situations,Because mechanisms are simpler to write down than results,q2_b,What would happen to body reactions if body temperature dropped significantly?,Enzyme activity would increase because cold speeds up molecular collisions,Chemical reactions would remain unchanged since temperature does not matter,"Enzyme activity would slow down, reducing the rate of metabolic reactions",q3_c
1,11,How scientists actually measure the universe,How do scientists measure the distance to a star trillions of kilometres away — without ever leaving Earth?,https://elevatestemdaily.github.io/elevate-stem-daily-lessons/lessons/class-11/uvn3u3onc2.html,"If our measurement tools could only detect nearby stars, how would our picture of the universe differ?",Which tool do scientists use to measure extremely large astronomical distances?,Parallax method using Earth's orbit as a baseline,Standard rulers calibrated against laboratory laser measurements,Direct radar pulses bounced off distant galaxies,q1_a,Why is identifying the underlying mechanism more scientifically useful than memorising a result?,Mechanisms are always simpler to remember than numerical results,A mechanism explains cause-and-effect and allows prediction in new situations,Mechanisms replace the need for experimental data entirely,q2_b,"If the baseline used for stellar parallax were doubled, what would happen to the measurable distance range?",The measurable range would halve because parallax angle decreases,The measurable range would stay the same since angle is absolute,The measurable range would roughly double as the parallax angle increases,q3_c
1,12,What is electric charge?,Rub a balloon on your hair and it sticks to the wall. The reason why is stranger than you think.,https://elevatestemdaily.github.io/elevate-stem-daily-lessons/lessons/class-12/7d8ls2u8ei.html,Could we ever build a device that makes any object electrically charged on command?,What is electric charge?,A fundamental property of matter that causes electromagnetic force,The flow of electrons through a conductor under voltage,The energy stored in a magnetic field around a wire,q1_a,Why is identifying the mechanism behind electric charge useful?,It helps memorise the SI unit of charge (coulomb) faster,It reveals the cause-and-effect chain and enables prediction,It allows students to skip mathematical derivations entirely,q2_b,"If you doubled the electric charge on two nearby particles, what happens to the force between them?",The force doubles because charge and force are always proportional,The force halves because the field lines spread over a larger area,The force quadruples because Coulomb's law depends on the product of charges,q3_c
2,7,How does the human nose actually work?,"You can detect over a trillion different smells, yet your nose has fewer receptor types than your eyes. How?",https://elevatestemdaily.github.io/elevate-stem-daily-lessons/lessons/class-7/g4d1f39ct0.html,"If artificial noses could diagnose diseases by smell, which illness would be most life-saving to detect this way?",What is the primary role of the olfactory receptors in the nose?,Olfactory receptor cells detect chemical molecules in the air and send signals to the brain.,Olfactory receptors filter dust particles before air enters the lungs.,Olfactory receptors warm and humidify incoming air to protect the throat.,q1_a,Why is identifying the mechanism of smell more useful than just knowing that the nose detects odours?,Knowing odours exist is enough; the mechanism adds no practical value.,A mechanism explains the cause-and-effect chain and allows prediction in new situations.,The mechanism of smell is too complex to be studied at Class 7 level.,q2_b,"If the olfactory nerve were blocked, what would you predict would happen to a person's sense of smell?",The person would smell more strongly because signals would build up in the receptors.,The nose would produce more mucus to compensate for the missing nerve signals.,The person would lose the sense of smell because signals could not reach the brain.,q3_c
2,8,The microscopic battle between bacteria and antibiotics,Bacteria have been evolving for 3.8 billion years. Your antibiotic has existed for 80. Who's winning?,https://elevatestemdaily.github.io/elevate-stem-daily-lessons/lessons/class-8/azcyhp9izw.html,"If all antibiotics stopped working tomorrow, how would medicine have to fundamentally change?",How do antibiotics kill or stop bacteria?,They target bacterial cell structures that human cells do not have,They heat the bloodstream to kill bacteria through thermal shock,They remove oxygen from tissues so bacteria cannot respire,q1_a,Why is understanding the mechanism of antibiotic resistance important?,It helps doctors memorise drug names more easily,Knowing the mechanism helps predict and prevent resistance spreading,"Mechanisms are only useful for chemistry, not biology",q2_b,"If antibiotics are overused, what would you predict about bacteria?",Bacteria would become larger and easier to detect under microscopes,Bacteria would lose their ability to reproduce as quickly,"Resistant bacteria would survive and multiply, making treatment harder",q3_c
2,9,Why do particles move even when you can't see them?,The atoms in your coffee cup are vibrating at hundreds of metres per second — even when the coffee is cold.,https://elevatestemdaily.github.io/elevate-stem-daily-lessons/lessons/class-9/6osr3b2c4j.html,"At absolute zero, particle motion nearly stops. What would a material at absolute zero actually look and feel like?",What is the main reason particles in matter are always in motion?,Particles possess kinetic energy and move continuously at all temperatures above absolute zero,Particles are pushed by gravity which keeps them vibrating constantly,Particles move only when an external force such as wind acts on them,q1_a,Why is knowing the mechanism of particle motion more useful than just knowing they move?,It saves time because you only need to learn one fact about motion,A mechanism explains cause-and-effect and allows prediction in new situations,Mechanisms are easier to draw in diagrams than descriptions of motion,q2_b,"If temperature were lowered toward absolute zero, what would happen to particle motion?",Particle motion would increase because cold particles vibrate more rapidly,Particle motion would stay constant because temperature does not affect speed,Particle motion would approach zero as thermal energy is removed from the system,q3_c
2,10,How do we know a chemical reaction occurred?,"A rusting nail, a burning candle, a baking cake — they look nothing alike, yet they're all the same type of event.",https://elevatestemdaily.github.io/elevate-stem-daily-lessons/lessons/class-10/cx92rvqbin.html,"If you could design a chemical reaction that had no visible signs at all, what would you use it for?",Which observation is a reliable sign that a chemical reaction has occurred?,A new substance is formed with different properties than the reactants,The mixture changes its container shape but stays the same substance,The colour of the container changes but the chemicals remain the same,q1_a,Why does identifying the mechanism of a reaction matter more than memorising the result?,Because results are impossible to verify without laboratory equipment,Understanding mechanism lets you predict outcomes in unfamiliar situations,Because the mechanism is always more colourful and easy to observe,q2_b,What would happen to observable signs of reaction if you removed heat from an exothermic reaction?,The reaction would speed up because less energy is wasted,The reaction signs would remain unchanged as heat is not a reactant,The reaction rate would slow and temperature rise would be smaller,q3_c
2,11,Why dimensions and units matter,A $327 million Mars orbiter was lost because engineers mixed up metres and feet. Could one wrong unit really do that?,https://elevatestemdaily.github.io/elevate-stem-daily-lessons/lessons/class-11/7yq1ee7ri8.html,"If every country used completely different measurement systems, how would global science and engineering function?",What does dimensional analysis allow a scientist to check about an equation?,Whether both sides have the same physical dimensions,Whether the numerical coefficients are correct,Whether the variables are measured with SI instruments,q1_a,Why is using consistent units more useful than simply knowing a formula by heart?,Consistent units eliminate the need for significant figures,Consistent units allow the cause-and-effect chain to be traced and errors to be predicted,Consistent units make all physical constants equal to one,q2_b,"If a physicist switches from metres to centimetres in one term of an equation but not others, what is the likely outcome?",The answer will be correct because values are proportional,"Only the units of the final answer will change, not the numerical value","The equation becomes dimensionally inconsistent, producing an incorrect result",q3_c
2,12,How electric fields actually work,Electric fields push charged objects without touching them. What invisible structure in space is doing the pushing?,https://elevatestemdaily.github.io/elevate-stem-daily-lessons/lessons/class-12/eca55wlakf.html,"If you could map an electric field like a topographic map, what would the landscape around a lightning bolt look like?",What does an electric field represent around a charged object?,The region where another charge would experience an electric force,The path that electrons physically travel between two terminals,The potential energy stored inside the charged object itself,q1_a,Why is understanding the electric field mechanism more useful than memorising field values?,Mechanism values are always simpler to calculate than field formulas,Knowing the mechanism lets you predict field behaviour in new geometries,Memorising values is unnecessary once the unit of field (V/m) is known,q2_b,"If you moved a test charge twice as far from a point charge, what would happen to the electric field strength?",It would halve because the field is inversely proportional to distance,It would remain the same because field lines are infinite in extent,It would decrease to one-quarter because field strength falls as 1/r squared,q3_c
3,7,Why do we breathe faster after running?,Sprint 100 metres and your breathing doubles within seconds. Your brain detected a change before you even noticed.,https://elevatestemdaily.github.io/elevate-stem-daily-lessons/lessons/class-7/u1v1ssbk98.html,Elite free-divers hold their breath for 20+ minutes. What does that reveal about the limits of conscious breathing control?,What is the main reason we breathe faster after running?,"Muscles use more oxygen and produce more carbon dioxide during exercise, so breathing rate increases to meet demand.","Running heats the lungs, which makes the diaphragm contract more rapidly automatically.","The body needs to cool down quickly, so it exhales hot air faster.",q1_a,Why is knowing the mechanism of increased breathing rate more useful than memorising that we breathe faster?,"The mechanism is only useful for doctors, not for students.",A mechanism explains the cause-and-effect chain and allows prediction in new situations.,Memorising the fact is sufficient because breathing rate never changes.,q2_b,"If a person held their breath after sprinting, what would you predict would happen?",The muscles would stop producing carbon dioxide to prevent overload.,The heart would slow down to reduce the demand for oxygen.,"Carbon dioxide levels in the blood would rise rapidly, triggering an urgent urge to breathe.",q3_c
3,8,How does your immune system recognize an enemy?,Your immune system builds a memory that can outlast your lifetime — and it learns without a single lesson.,https://elevatestemdaily.github.io/elevate-stem-daily-lessons/lessons/class-8/s9jp6gj3wl.html,"If we could teach the immune system to recognise cancer cells the way it recognises viruses, what would change?",What does the immune system use to identify foreign invaders?,Antigens on the surface of pathogens trigger immune recognition,The colour of pathogens is detected by white blood cells,Body temperature rises and burns pathogens before recognition,q1_a,Why is understanding the immune recognition mechanism useful?,It allows doctors to memorise the names of all pathogens,"It explains how vaccines and immunity work, enabling predictions","Immune mechanisms only apply to bacterial infections, not viruses",q2_b,"If a person encountered a pathogen for the second time, what would you predict?",The immune response would be slower because antibodies degrade over time,The body would have no memory of the pathogen and react identically,The immune response would be faster due to memory B cells,q3_c
3,9,How does diffusion work?,"Drop a drop of dye into still water and walk away — when you return, the colour will have spread on its own. How?",https://elevatestemdaily.github.io/elevate-stem-daily-lessons/lessons/class-9/lu4omb3vlp.html,"If diffusion didn't exist, how would oxygen reach every cell deep inside your body?",What correctly describes diffusion?,Diffusion is the net movement of particles from high concentration toward low concentration,Diffusion is the movement of water molecules only through a semipermeable membrane,Diffusion is the process by which particles clump together under gravitational attraction,q1_a,Why is understanding the mechanism of diffusion more useful than memorising the definition?,"Definitions are hard to remember, while mechanisms can be guessed from context",A mechanism explains cause-and-effect and allows prediction in new situations,Mechanisms are tested less frequently in school examinations than definitions,q2_b,"If temperature were increased, what would you predict about the rate of diffusion?",Diffusion would slow down because higher temperature makes particles too energetic to spread,Diffusion would stop because particles become too heavy at high temperatures,Diffusion would speed up because higher temperature increases particle kinetic energy,q3_c
3,10,Acids and bases inside everyday life,Your blood must stay within a razor-thin pH range to keep you alive — just 0.4 outside normal can be fatal.,https://elevatestemdaily.github.io/elevate-stem-daily-lessons/lessons/class-10/gygirlxlrf.html,"If you could neutralise ocean acidification by adjusting ocean pH, what unintended consequences might follow?",What property defines an acid according to its behaviour in water?,An acid releases hydrogen ions (H+) when dissolved in water,An acid releases hydroxide ions (OH-) when dissolved in water,An acid absorbs all surrounding moisture and turns blue litmus red,q1_a,Why is understanding the acid-base mechanism more useful than just knowing pH numbers?,Because pH numbers are not measurable in everyday kitchen experiments,The mechanism explains why neutralisation occurs and lets you predict reactions,Because the mechanism requires no mathematics and is simpler to use,q2_b,What would happen if you added more acid to a neutral salt solution?,The solution would remain neutral because salt buffers all added acids,The solution would turn basic because acid converts salts to bases,The pH would drop below 7 and the solution would become acidic again,q3_c
3,11,Vectors: the mathematics of direction,Two forces pulling you in opposite directions can cancel perfectly to zero. That maths is what holds bridges up.,https://elevatestemdaily.github.io/elevate-stem-daily-lessons/lessons/class-11/ycxxgwu09s.html,Pilots use vector addition to fly straight despite crosswinds. What other professions silently depend on vector thinking?,How does a vector quantity differ from a scalar quantity?,A vector has both magnitude and direction; a scalar has magnitude only,A vector is always larger in value than its equivalent scalar,A scalar requires two numbers to specify; a vector requires only one,q1_a,Why is using vector addition more useful than simple arithmetic addition for forces?,Vector addition gives a larger resultant because it accounts for angles,Vector addition reveals the actual net effect by accounting for both magnitude and direction,Vector addition eliminates the need for trigonometry in physics problems,q2_b,"If two equal forces are applied to an object at 180 degrees to each other, what is the net force?","The net force equals the sum of the two magnitudes, acting in one direction",The net force equals twice the magnitude of either force,The net force is zero because the vectors cancel each other,q3_c
3,12,Electric potential and energy,"Lightning strikes from the sky — but the real energy story starts invisibly, long before the flash appears.",https://elevatestemdaily.github.io/elevate-stem-daily-lessons/lessons/class-12/u40cg5qy6c.html,"If you could harness all the electric potential energy in a single thunderstorm, how much of a city could it power?",What does electric potential at a point in space represent?,Work done per unit charge to bring a positive charge from infinity to that point,The total charge accumulated on a conductor at that location,The magnetic flux linking a current loop near that point,q1_a,Why does understanding potential as a mechanism help more than memorising its formula?,The formula V = kQ/r is too complex for Class 12 students to apply,Mechanism understanding lets you predict energy changes when charge moves,Memorising the formula automatically gives the correct sign of potential,q2_b,"If the distance from a positive charge doubles, what happens to electric potential there?",It doubles because potential and distance are directly proportional,It stays constant because potential depends only on the source charge,It halves because electric potential is inversely proportional to distance,q3_c
4,7,How does blood know where to go?,"Your heart pumps 5 litres every minute through 100,000 km of vessels. What guides every single drop?",https://elevatestemdaily.github.io/elevate-stem-daily-lessons/lessons/class-7/2t92msupfi.html,"If surgeons could re-route blood vessels like roads on a map, which medical conditions could they cure?",What guides blood to the correct organs in the circulatory system?,"Blood is pumped by the heart through a network of arteries, veins, and capillaries that form closed pathways to each organ.",Blood cells have small magnets that attract them to specific organs needing oxygen.,The brain sends electrical signals directly to red blood cells to direct their movement.,q1_a,Why is identifying the mechanism of blood circulation more useful than simply knowing blood travels around the body?,"Blood circulation is the same in all animals, so the mechanism never changes.",A mechanism explains the cause-and-effect chain and allows prediction in new situations.,"The heart pumps randomly, so there is no predictable mechanism to study.",q2_b,"If a major artery supplying a muscle were blocked, what would you predict would happen?",The muscle would receive more blood from veins to compensate for the blocked artery.,The heart would beat slower to reduce pressure in the blocked vessel.,The muscle would be deprived of oxygen and begin to fail or cramp.,q3_c
4,8,Why does your heart beat continuously?,Your heart has beaten over 3 billion times by age 80 — without ever taking a break. What keeps it going?,https://elevatestemdaily.github.io/elevate-stem-daily-lessons/lessons/class-8/2jx9sbbuky.html,Artificial pacemakers use electricity to regulate the heartbeat. What other organs might electrical implants eventually control?,What keeps the heart beating without conscious effort?,The sinoatrial node generates electrical impulses that trigger contractions,Muscles in the chest wall compress the heart rhythmically,Blood pressure forces the heart valves to open and close repeatedly,q1_a,Why is knowing the mechanism of the heartbeat more useful than just knowing it beats?,The heartbeat mechanism helps athletes run faster during exercise,Knowing the mechanism allows us to understand heart disease and treatments,Memorising the heartbeat rate is sufficient for all medical purposes,q2_b,"If the sinoatrial node were damaged, what would you predict?",The heart would beat faster to compensate for reduced signal strength,Blood would circulate in the opposite direction through the veins,The heart's rhythm would become irregular or stop,q3_c
4,9,Why does temperature change particle motion?,Temperature is not what you feel — it's a measure of how violently invisible particles are bouncing inside matter.,https://elevatestemdaily.github.io/elevate-stem-daily-lessons/lessons/class-9/5jqux2azyd.html,"If we could heat just the particles of one substance without heating the surrounding air, what technology might that enable?",What is the relationship between temperature and the kinetic energy of particles?,Temperature is a measure of the average kinetic energy of particles in a substance,Temperature measures the total potential energy stored in chemical bonds between particles,Temperature measures the number of particles present in a given volume of substance,q1_a,Why is identifying the mechanism linking temperature and particle motion important?,It allows students to skip calculations and focus on written descriptions only,A mechanism explains cause-and-effect and allows prediction in new situations,It is required only for physics and not for chemistry or biology topics,q2_b,"If a gas were cooled significantly, what change in particle motion would you predict?",The particles would gain energy and collide more forcefully with container walls,The particles would reorganise into a new element with different chemical properties,The particles would slow down and may eventually condense into a liquid or solid,q3_c
4,10,Why does antacid work?,Your stomach acid is corrosive enough to burn skin — yet a tiny chalk tablet calms it in minutes. What happens?,https://elevatestemdaily.github.io/elevate-stem-daily-lessons/lessons/class-10/bkmotwmfwg.html,"If you could engineer an antacid that worked only in the stomach and nowhere else, how would that change medicine?",How does antacid relieve acidity in the stomach?,Antacid neutralises excess stomach acid through an acid-base reaction,Antacid absorbs all food in the stomach to prevent acid production,Antacid lowers body temperature so stomach cells stop producing acid,q1_a,Why is knowing the neutralisation mechanism more useful than just knowing antacids help?,Because all antacids have identical chemical formulas and work identically,The mechanism explains which bases work and predicts how much to take,Because the mechanism is printed on packaging and removes guesswork,q2_b,What would happen if too much antacid were taken?,The stomach pH would remain at 2 because the body regulates acidity strictly,More acid would be produced to compensate for the neutralised acid,"The stomach would become too alkaline, causing discomfort and digestive problems",q3_c
4,11,What does velocity really mean?,"A car drives 60 km east then 60 km back — its average speed is 60 km/h, but its average velocity is zero. How?",https://elevatestemdaily.github.io/elevate-stem-daily-lessons/lessons/class-11/ago1e5ql0o.html,"In sport, does speed or velocity matter more — for a sprinter versus a long jumper? Does direction ever change the outcome?",What distinguishes velocity from speed?,Velocity is a vector quantity specifying both magnitude and direction of motion,Velocity is always numerically greater than speed for the same motion,Speed specifies direction while velocity gives only the rate of distance covered,q1_a,Why is knowing an object's velocity more useful than knowing only its speed?,"Velocity is always measured in SI units, making it more reliable","Velocity reveals direction of motion, enabling prediction of future position",Velocity removes the need to measure time intervals during motion,q2_b,A car travels 60 km east then 60 km west. What is its average velocity for the whole journey?,"60 km/h east, because only the forward displacement counts","120 km divided by total time, giving a large positive value","Zero, because the total displacement is zero",q3_c
4,12,Why capacitors store energy,"A camera flash charges for seconds, then releases all its energy in a single microsecond. What's doing the storing?",https://elevatestemdaily.github.io/elevate-stem-daily-lessons/lessons/class-12/dk0cx53ebo.html,"If capacitors could store as much energy as batteries but discharge in microseconds, how might that change electric vehicles?",How does a capacitor store energy?,By accumulating opposite charges on two separated conducting plates,By converting electrical energy into chemical energy in a dielectric,By producing a magnetic field between its two terminals,q1_a,Why is knowing the charge-separation mechanism in a capacitor useful?,It makes it easier to remember the formula C = Q/V without derivation,It explains why capacitance changes when a dielectric is inserted,It proves that capacitors and batteries are interchangeable in circuits,q2_b,"If a dielectric material is inserted between the plates of a charged capacitor, what changes?",The charge on the plates increases because the dielectric adds free electrons,The voltage across the plates increases to maintain the same stored charge,The capacitance increases because the dielectric reduces the effective electric field,q3_c
5,7,Why do plants need sunlight?,Plants eat light. They take invisible radiation from 150 million km away and turn it into sugar. How?,https://elevatestemdaily.github.io/elevate-stem-daily-lessons/lessons/class-7/5z7mv3jx4x.html,"If we could install photosynthesis in human skin cells, how would that change our relationship with food?",What is the main reason plants need sunlight?,"Sunlight provides energy for photosynthesis, the process by which plants make food from carbon dioxide and water.","Sunlight heats the roots, which allows water to be absorbed more efficiently from the soil.",Plants use sunlight to produce oxygen directly from the soil without needing carbon dioxide.,q1_a,Why is understanding the mechanism of photosynthesis more useful than knowing that plants need sunlight?,"Plants grow identically in all light conditions, so the mechanism does not matter.",A mechanism explains the cause-and-effect chain and allows prediction in new situations.,Only botanists need to understand photosynthesis; other students can memorise the fact.,q2_b,"If a plant were kept in complete darkness for several weeks, what would you predict would happen?",The plant would switch to absorbing nitrogen from the air to replace lost glucose.,The plant would grow faster because darkness accelerates cell division in stems.,"The plant would be unable to make food, weaken, and eventually die.",q3_c
5,8,How do neurons carry information?,A thought travels from your brain to your fingertip at 270 km/h — faster than a Formula 1 car. What's moving?,https://elevatestemdaily.github.io/elevate-stem-daily-lessons/lessons/class-8/aqn3bhgls7.html,"If scientists could record every neuron signal in a living brain in real time, what ethical questions would that raise?",How do neurons transmit signals along their length?,An electrical impulse called an action potential travels along the axon,Neurons pass solid chemical pellets along hollow tubes to the brain,Light signals travel through transparent neuron fibres to receptors,q1_a,Why is understanding the neural mechanism more useful than memorising nerve names?,Nerve names are sufficient for understanding all neurological conditions,It enables predictions about what happens when nerves are damaged,"Mechanisms only matter for motor neurons, not sensory neurons",q2_b,"If the myelin sheath around a neuron were damaged, what would you predict?",The neuron would generate stronger signals to overcome the damage,The neuron would switch to chemical transmission instead of electrical,"Signal transmission would slow down or fail, causing nerve disorders",q3_c
5,9,Atoms: the tiny building blocks of everything,"If an atom were the size of a football stadium, its nucleus would be a marble at the centre. The rest is empty space.",https://elevatestemdaily.github.io/elevate-stem-daily-lessons/lessons/class-9/fdgxiafmsl.html,"If atoms are mostly empty space, why does matter feel solid? What would physics look like if atoms had no emptiness?",Which statement best describes an atom?,An atom is the smallest unit of an element retaining that element's chemical properties,An atom is a cluster of molecules held together by surface tension forces,An atom is a unit of energy that cannot be divided by any known process,q1_a,Why is understanding how atoms behave more useful than just memorising their definition?,"Definitions are optional knowledge, while behaviour is tested in every examination",A mechanism explains cause-and-effect and allows prediction in new situations,Atomic behaviour is simpler to learn because it involves only three rules,q2_b,"If the number of protons in an atom were changed, what would you predict?",The mass of the atom would stay identical because protons have negligible mass,The atom's electron shells would collapse because electrons depend on neutrons,The atom would become a different element with different chemical properties,q3_c
5,10,Metals: why are they useful?,The electrons in a metal are so loosely attached they wander freely — which is exactly why metal lights up your room.,https://elevatestemdaily.github.io/elevate-stem-daily-lessons/lessons/class-10/9uvcv0gu7m.html,"If we discovered a metal that was stronger than steel and lighter than aluminium at room temperature, what would it replace?",Which property of metals makes them useful for electrical wiring?,Metals have free electrons that allow easy conduction of electricity,Metals have tightly bound electrons that block electrical current flow,Metals conduct electricity because they are transparent to photons,q1_a,Why is understanding the metallic bonding mechanism more useful than listing metal uses?,Because listing uses requires memorisation while mechanism requires no memory,"The mechanism explains conductivity, malleability and ductility all at once",Because metallic bonding is the same in all materials including plastics,q2_b,What would happen to a metal's conductivity if its free electrons were removed?,Conductivity would increase because fewer electrons create less resistance,The metal would conduct only heat but not electricity without free electrons,The metal would lose conductivity and behave more like an insulator,q3_c
5,11,Why objects accelerate,Drop a feather and a bowling ball on the Moon — they hit the ground at exactly the same time. Newton explains why.,https://elevatestemdaily.github.io/elevate-stem-daily-lessons/lessons/class-11/sob2pwh8ss.html,"If you could double Earth's gravitational field overnight, which human technologies would immediately stop working?",What causes an object to accelerate according to Newton's second law?,A net unbalanced force acting on the object,The object's inherent tendency to speed up over time,An increase in the object's mass during motion,q1_a,Why is understanding the net force more useful than knowing an object's instantaneous speed?,Net force tells us the mass of the object without measuring it,Net force reveals the cause-and-effect mechanism that predicts how motion will change,Net force is constant for all objects regardless of mass,q2_b,"If the net force on an object is doubled while its mass stays the same, what happens to acceleration?",Acceleration halves because force and acceleration are inversely proportional,Acceleration remains unchanged since mass has not changed,"Acceleration doubles, since a = F/m and F has doubled",q3_c
5,12,How circuits really behave,"Every USB charger, solar panel, and power grid is governed by two laws Kirchhoff wrote in 1845. Still undefeated.",https://elevatestemdaily.github.io/elevate-stem-daily-lessons/lessons/class-12/tnvckxm1f0.html,"If Kirchhoff's laws broke down at very high currents, how would that limit the future of electrical engineering?",What do Kirchhoff's laws describe about circuit behaviour?,Conservation of charge at junctions and conservation of energy around loops,The relationship between magnetic flux and induced current in a loop,How resistance changes with temperature in metallic conductors,q1_a,Why is understanding circuit mechanisms better than memorising Ohm's law alone?,"Ohm's law is only valid for AC circuits, not for DC circuits",Mechanism understanding lets you analyse complex multi-loop circuits correctly,Memorising Ohm's law is sufficient for all Class 12 circuit problems,q2_b,"If you add a resistor in parallel to an existing resistor in a circuit, what happens to total resistance?",Total resistance increases because more components are added to the circuit,Total resistance remains unchanged because parallel paths do not interact,Total resistance decreases because additional current paths reduce overall opposition,q3_c
6,7,How does a seed know which way to grow?,Plant a seed upside down in total darkness — the root still grows down and the shoot still grows up. How does it know?,https://elevatestemdaily.github.io/elevate-stem-daily-lessons/lessons/class-7/y8q7pa37tw.html,"If you could override a plant's gravitational sense, could you grow plants in any direction you wanted in space?",What is the main mechanism that tells a seed's root to grow downward and shoot to grow upward?,A process called gravitropism makes roots grow toward gravity and shoots grow away from it.,Seeds detect the colour of soil and grow their roots toward darker regions.,The seed's outer coat has markings that orient the embryo correctly before germination.,q1_a,Why is knowing the mechanism of directional growth more useful than just observing that roots grow down?,"Roots always grow in random directions, so there is no mechanism to study.",A mechanism explains the cause-and-effect chain and allows prediction in new situations.,Seed growth direction is determined only by the farmer planting the seed correctly.,q2_b,"If a germinating seed were grown in a rotating drum that cancelled out the effect of gravity, what would you predict?",The root would grow faster because less gravity means less resistance to elongation.,The shoot would grow downward because photosynthesis requires the leaves to face the soil.,"The root and shoot would grow in random directions, unable to use gravity as a guide.",q3_c
6,8,Why do we have fingerprints?,Your fingerprints are unique to you — but so are those of your identical twin. What's going on at the microscopic level?,https://elevatestemdaily.github.io/elevate-stem-daily-lessons/lessons/class-8/toklsj4b2u.html,"If fingerprints could regrow differently after injury, would forensic identification still work?",What is the primary function of fingerprint ridges on human skin?,Fingerprint ridges improve grip by increasing friction between skin and objects,Fingerprints regulate sweat distribution to keep palms dry,Fingerprint patterns identify nerves under the skin for better sensation,q1_a,Why is understanding why fingerprints exist more useful than just describing their patterns?,Pattern descriptions are sufficient for forensic science applications,Understanding function allows predictions about people who lack fingerprints,"Fingerprint function only matters for primates, not humans specifically",q2_b,"If fingerprint ridges were completely smooth, what would you predict?",People would develop stronger nails to compensate for grip loss,Sweat glands in the fingertip would become more active instead,Grip on smooth or wet surfaces would be significantly reduced,q3_c
6,9,How was the atom discovered?,Scientists once thought atoms were solid spheres. One experiment shattered that idea — most particles went straight through.,https://elevatestemdaily.github.io/elevate-stem-daily-lessons/lessons/class-9/tpghjsev7n.html,"If Rutherford's gold foil experiment had shown no deflection at all, what atomic model would we teach today?","Which experiment provided the first evidence that the atom has a small, dense, positively charged nucleus?","Rutherford's gold foil experiment, where alpha particles were deflected at large angles","Dalton's law experiment, where gases combined in fixed volume ratios at constant pressure","Thomson's cathode ray experiment, which showed that electrons orbit the nucleus in shells",q1_a,Why is knowing the mechanism of the gold foil experiment more valuable than memorising its result?,Results change every year but mechanisms stay constant and are never re-examined,A mechanism explains cause-and-effect and allows prediction in new situations,The mechanism involves maths which is more reliable than descriptive results,q2_b,"If all alpha particles had passed straight through the gold foil without deflection, what would that predict?",The nucleus would be confirmed to be large and spread throughout the atom,The experiment would show that electrons repel alpha particles near the surface,"The atom would likely have no dense nucleus, contradicting the nuclear model",q3_c
6,10,Why does corrosion happen?,"Iron rusts red, copper turns green, silver goes black — every metal decays differently, and each tells a chemical story.",https://elevatestemdaily.github.io/elevate-stem-daily-lessons/lessons/class-10/jfe4k2ccfk.html,"Some Roman iron tools survived 2,000 years without rusting. What secret of theirs could modern engineering borrow?",What causes iron to corrode (rust) when exposed to air and moisture?,Iron reacts with oxygen and water to form iron oxide (rust),Iron reacts with nitrogen in air to form a brittle iron nitride layer,"Iron loses carbon atoms to the atmosphere, weakening its structure",q1_a,Why is understanding the oxidation mechanism of corrosion more useful than noting it happens?,Because all metals corrode identically so the mechanism is universal,Knowing the mechanism explains which conditions accelerate or prevent corrosion,Because the mechanism proves corrosion is beneficial and should not be stopped,q2_b,What would happen to iron corrosion if oxygen were completely removed from the environment?,Corrosion would accelerate because iron reacts faster without oxygen competition,The rate of rusting would stay the same as moisture is the only factor,Corrosion would stop or greatly slow because oxygen is essential for rusting,q3_c
6,11,Newton's laws in the real world,"Every rocket launch, car crash, and sporting tackle follows the same three rules Newton discovered 350 years ago.",https://elevatestemdaily.github.io/elevate-stem-daily-lessons/lessons/class-11/rphveghwve.html,"If friction suddenly disappeared from Earth's surface, name three technologies that would immediately stop working.",Which of Newton's laws explains why a passenger lurches forward when a bus brakes suddenly?,Newton's first law: the passenger's body continues moving forward due to inertia,Newton's third law: the bus pushes the passenger in the direction of motion,Newton's second law: braking creates a backward force that multiplies passenger mass,q1_a,Why is Newton's third law more useful than just knowing a force's magnitude?,Newton's third law removes the need to measure friction in real systems,"It reveals that every interaction involves paired equal-and-opposite forces, enabling prediction",It shows that action forces are always greater than reaction forces in practice,q2_b,"If a rocket expels exhaust gases at a higher speed, how does that affect the rocket's thrust?",Thrust decreases because faster exhaust reduces mass flow rate,Thrust stays the same since the rocket mass has not changed,Thrust increases because greater exhaust momentum produces a larger reaction force,q3_c
6,12,Why AC electricity is used in power grids,The War of Currents between Edison and Tesla shaped every power socket on Earth. Why did AC ultimately win?,https://elevatestemdaily.github.io/elevate-stem-daily-lessons/lessons/class-12/ivuq4xckop.html,"Now that DC can be converted efficiently, should we replace AC power grids? What would we gain and what would we lose?",Why is alternating current preferred for long-distance power transmission?,"AC voltage can be stepped up by transformers, reducing transmission-line losses",AC electrons travel faster than DC electrons through copper wires,AC current never experiences resistance unlike DC current in cables,q1_a,Why is understanding the transformer mechanism important for AC grids?,It proves that DC power lines are physically impossible to construct,It explains how voltage is raised and lowered efficiently across the grid,It shows that AC frequency must always equal 50 Hz worldwide,q2_b,"If the transmission voltage is doubled, what happens to power lost as heat in the cables?",Power loss doubles because higher voltage forces more current through the cable,Power loss stays the same because resistance of cables does not change with voltage,Power loss falls to one-quarter because loss is proportional to current squared,q3_c
7,7,Why do some materials float while others sink?,"A massive steel ship floats, but a tiny steel coin sinks. The difference isn't weight — it's something far more clever.",https://elevatestemdaily.github.io/elevate-stem-daily-lessons/lessons/class-7/jb4sa41xsv.html,Deep-sea fish are crushed if brought to the surface too fast. What does that tell us about pressure and density in the ocean?,What determines whether an object floats or sinks in water?,An object floats if its density is less than water and sinks if its density is greater than water.,An object floats if it is made of natural materials and sinks if it is made of synthetic ones.,An object floats only if it is hollow and sinks only if it is completely solid.,q1_a,Why is understanding density and buoyancy more useful than just knowing which objects float?,"Every object floats in water, so there is no need to understand the mechanism.",A mechanism explains the cause-and-effect chain and allows prediction in new situations.,"Buoyancy only applies to water, so the mechanism has no real-world applications.",q2_b,"If you added salt to water until it became very dense, what would you predict would happen to an egg placed in it?",The egg would sink faster because salt increases the gravitational pull on objects.,The egg would dissolve because salt reacts chemically with the eggshell.,The egg would float because the saltwater's density becomes greater than the egg's density.,q3_c
7,8,The science of friction,"Without friction, you couldn't walk, write, or pick up a cup. The invisible grip between surfaces shapes your whole day.",https://elevatestemdaily.github.io/elevate-stem-daily-lessons/lessons/class-8/xw71544oys.html,"If engineers designed a material with exactly the right friction — not too much, not too little — where would it help most?",What causes friction between two surfaces?,Microscopic irregularities on surfaces interlock and resist sliding motion,Friction is caused by static electricity attracting surfaces together,Air molecules trapped between surfaces push back against movement,q1_a,Why is knowing how friction works more useful than just knowing it slows things down?,Knowing friction slows things down is enough for all engineering problems,"Understanding friction helps engineers design brakes, tyres, and lubricants","Friction mechanisms are only relevant to physics, not everyday engineering",q2_b,"If a lubricant were applied between two sliding surfaces, what would you predict?",Friction would increase because the lubricant adds extra mass to surfaces,Surfaces would bond together as the lubricant hardens under pressure,Friction would decrease because the lubricant separates the surfaces,q3_c
7,9,Why are some atoms radioactive?,Some atoms are quietly falling apart right now — releasing invisible energy that can penetrate solid walls.,https://elevatestemdaily.github.io/elevate-stem-daily-lessons/lessons/class-9/2zxtv8f5md.html,"Nuclear medicine uses radioactive atoms to detect cancer. If you could control which atoms were radioactive and when, what else could you treat?",What causes an atom to be radioactive?,An unstable nucleus spontaneously emits radiation to achieve a more stable nuclear configuration,An atom becomes radioactive when it gains extra electrons from a nearby charged object,Radioactivity occurs when atoms absorb too much sunlight and re-emit it as particles,q1_a,Why is identifying the mechanism of radioactive decay more useful than just knowing it emits radiation?,Knowing radiation exists is sufficient for safety; mechanisms are only for scientists,A mechanism explains cause-and-effect and allows prediction in new situations,The mechanism helps calculate tax on nuclear materials in industrial settings,q2_b,"If a radioactive isotope lost neutrons until its nucleus became stable, what would you predict?",The atom would continue emitting stronger and stronger radiation indefinitely,The atom would split into two equal halves and both halves would remain radioactive,The rate of radioactive emission would decrease and eventually the atom would become stable,q3_c
7,10,How can corrosion be prevented?,The Statue of Liberty was originally shiny copper and turned green within 20 years. Was that protection or decay?,https://elevatestemdaily.github.io/elevate-stem-daily-lessons/lessons/class-10/1qvhnnxzn6.html,"If self-healing metals could repair corrosion damage automatically, which industries would benefit most?",Which method prevents corrosion by coating iron with a sacrificial metal?,"Galvanisation coats iron with zinc, which corrodes preferentially instead",Anodisation coats iron with copper to create a decorative barrier,Electroplating coats iron with carbon to block all chemical reactions,q1_a,Why is understanding the protective mechanism more important than just listing prevention methods?,Because prevention methods never work and understanding explains why,The mechanism reveals why some coatings fail over time while others succeed,Because all prevention methods use identical chemical principles anyway,q2_b,What would happen if a zinc coating on galvanised steel got scratched deeply?,The iron would rust immediately because scratching removes all protection,The iron would become more resistant because scratching hardens the surface,"Zinc would still corrode preferentially, protecting the exposed iron nearby",q3_c
7,11,Why astronauts feel weightless,Astronauts aren't weightless because gravity is gone — gravity still pulls them hard. So why do they float?,https://elevatestemdaily.github.io/elevate-stem-daily-lessons/lessons/class-11/k5c2znzglx.html,"If a spacecraft could create artificial gravity by spinning, what engineering challenges would that solve and create?",Why do astronauts in orbit feel weightless despite gravity still acting on them?,"They are in free fall, so no normal contact force acts on them",Gravity becomes zero at orbital altitude above Earth's surface,The spacecraft generates an anti-gravity field that cancels Earth's pull,q1_a,Why is understanding free fall more useful than saying 'there is no gravity in space'?,Free fall allows astronauts to produce gravity by spinning the spacecraft,Free fall correctly identifies the mechanism: gravity acts but no surface reaction force exists,Free fall proves that gravity diminishes to zero within 200 km of Earth,q2_b,"If the orbital speed of a spacecraft were suddenly reduced, what would happen?",The spacecraft would float outward into a higher orbit due to reduced centripetal force,Gravity would still not affect the spacecraft since it is already in orbit,The spacecraft would fall toward Earth as gravity is no longer balanced by orbital velocity,q3_c
7,12,Electromagnetism: electricity creating magnetism,Run a current through a wire and a magnetic field appears from nothing. Switch off the current and it vanishes completely.,https://elevatestemdaily.github.io/elevate-stem-daily-lessons/lessons/class-12/la9lh4ayy9.html,"Electromagnets can be switched on and off, permanent magnets cannot. What future technologies might need switchable magnetism?",What does a current-carrying conductor produce around itself?,A magnetic field whose strength depends on the current and wire geometry,An electric field that repels nearby positive charges uniformly,A gravitational field proportional to the mass of moving electrons,q1_a,Why is the concept of magnetic field as a mechanism more useful than just knowing the right-hand rule?,"The right-hand rule is only applicable to solenoids, not straight wires",Understanding the mechanism lets you predict field direction for any current shape,Knowing the rule is sufficient; mechanisms are not tested in Class 12,q2_b,"If the current through a solenoid is doubled, what happens to the magnetic field inside?",The field halves because more current causes electrons to cancel each other,The field remains constant because it depends only on the number of turns,The field doubles because magnetic field in a solenoid is directly proportional to current,q3_c
8,7,The hidden world inside a drop of water,A single drop of pond water can contain millions of living creatures — none of them visible to the naked eye.,https://elevatestemdaily.github.io/elevate-stem-daily-lessons/lessons/class-7/x6bvivcwkx.html,"If microorganisms could be engineered to clean polluted water, what trade-offs would you need to consider?",What is found in a drop of pond water that cannot be seen with the naked eye?,"Microscopic living organisms such as bacteria, algae, and protozoa exist in a drop of pond water.",A drop of water contains tiny air pockets that give it its round shape on surfaces.,Water droplets contain dissolved minerals arranged in crystal patterns invisible to the eye.,q1_a,Why is identifying the mechanism of what makes water life-supporting more useful than just knowing microbes exist?,"All microbes are harmful, so understanding them has no benefit for students.",A mechanism explains the cause-and-effect chain and allows prediction in new situations.,"Microbes in water are destroyed by oxygen, so the mechanism is always the same.",q2_b,"If the water in a pond were heated to a very high temperature, what would you predict would happen to the microorganisms?",The microorganisms would grow larger because heat provides them with more energy.,The microorganisms would move to the bottom of the pond to avoid the heat.,"Most microorganisms would be killed by the heat, drastically reducing their population.",q3_c
8,8,Why can a giant ship float?,"A steel aircraft carrier weighs 100,000 tonnes — yet floats serenely on water. The maths behind this is over 2,000 years old.",https://elevatestemdaily.github.io/elevate-stem-daily-lessons/lessons/class-8/q7dw0y2bwh.html,"If you could reduce a ship's density without reducing its strength, what future materials might make that possible?",What principle explains why a massive steel ship can float on water?,Archimedes' principle: the ship displaces water equal to its weight,Steel becomes less dense when heated by the sun on open oceans,Air currents beneath the hull push the ship upward like a wing,q1_a,Why does understanding buoyancy as a mechanism matter more than memorising that ships float?,Memorising that ships float is sufficient for all naval engineering,It lets engineers predict how much cargo a ship can safely carry,"Buoyancy mechanisms only apply to wooden boats, not steel ones",q2_b,"If a ship took on water and became denser than water overall, what would you predict?",The ship would rise higher in the water due to increased internal pressure,The ship's buoyancy force would increase to balance the extra weight,The ship would sink because upthrust would no longer equal the total weight,q3_c
8,9,What makes an element different from another?,Change one proton in a gold atom and it becomes mercury. Change one more and it becomes thallium. Proton number is destiny.,https://elevatestemdaily.github.io/elevate-stem-daily-lessons/lessons/class-9/4b7v1uqf6e.html,"If scientists could routinely add or remove protons from atoms, would turning lead into gold ever become practically useful?",What property uniquely identifies and distinguishes one element from all others?,"The number of protons in the nucleus, the atomic number, uniquely defines each element",The colour and texture of the element in its solid form at room temperature,The total mass of the element including all isotopes averaged across the periodic table,q1_a,Why is understanding the mechanism that makes elements different more valuable than listing their properties?,"Properties change with temperature, making them less reliable than any mechanism",A mechanism explains cause-and-effect and allows prediction in new situations,Listing properties is required for industrial applications while mechanisms are theoretical,q2_b,"If two atoms had the same number of protons but different numbers of neutrons, what would you predict?",They would be completely different elements with entirely different chemical behaviours,They would be oppositely charged ions that attract each other strongly in solution,They would be isotopes of the same element with slightly different masses but similar chemistry,q3_c
8,10,Carbon: the element behind life,"Carbon is the fourth most abundant element in the universe, yet it forms more compounds than all others combined.",https://elevatestemdaily.github.io/elevate-stem-daily-lessons/lessons/class-10/ao5bk6mmam.html,"Silicon is carbon's neighbour on the periodic table. If silicon-based life existed, where in the universe might it live?",Why is carbon called the element behind life?,"Carbon forms four covalent bonds, enabling complex chains and ring structures",Carbon is the heaviest element and sinks to the core of all living cells,Carbon is the most abundant element in Earth's crust and atmosphere,q1_a,Why is understanding carbon's bonding mechanism more useful than memorising its uses?,Because memorised uses of carbon apply only to diamond and graphite,The bonding mechanism explains why carbon forms millions of different compounds,Because carbon's uses change annually so only the mechanism stays relevant,q2_b,What would happen to life on Earth if carbon could only form two bonds instead of four?,Life would be more complex because simpler atoms create more diverse molecules,Life would remain the same because bond number does not affect molecule diversity,"Carbon could not form complex molecules, making most biological molecules impossible",q3_c
8,11,Conservation of momentum,"When billiard balls collide, something invisible transfers between them perfectly — and physicists predict the outcome before it happens.",https://elevatestemdaily.github.io/elevate-stem-daily-lessons/lessons/class-11/g0ucctrhll.html,Rocket engines work in vacuum because of momentum conservation. Could this principle power vehicles on Earth more efficiently?,"In an isolated system, what happens to total momentum when two objects collide?",Total momentum is conserved; it remains constant before and after collision,Total momentum increases because kinetic energy is transferred between objects,Total momentum decreases due to the heat generated during impact,q1_a,Why is the conservation of momentum principle more useful than simply measuring impact forces?,Momentum conservation eliminates the need to measure mass in any calculation,It provides a cause-and-effect law that predicts outcomes without knowing collision details,"Impact forces are always greater than momentum changes, making forces irrelevant",q2_b,"If a stationary ball of mass 2 kg is hit by a 1 kg ball moving at 4 m/s and they stick together, what is the final speed?","4 m/s, because the moving ball transfers all its speed to the system","2 m/s, because speed is shared equally between the two balls","Approximately 1.33 m/s, from conservation of momentum (4 kg m/s / 3 kg)",q3_c
8,12,How electric motors work,"Your electric toothbrush, the car passing you on the road, the pump in your hospital — all run on an 1820 discovery.",https://elevatestemdaily.github.io/elevate-stem-daily-lessons/lessons/class-12/oe5jbpjqo9.html,"If motors could recover 100% of energy during braking, how would that change the design of electric cars?",What is the principle behind an electric motor converting electrical to mechanical energy?,A current-carrying coil in a magnetic field experiences a torque that makes it rotate,Resistance heating in the coil causes it to expand and drive a shaft,Changing voltage in the coil creates pressure that pushes the rotor outward,q1_a,Why does understanding the force-on-current mechanism matter in motor design?,It proves motors only work with DC and never with AC supply,It allows engineers to predict torque and improve motor efficiency,It shows that the commutator is unnecessary in all modern motors,q2_b,"If the magnetic field strength inside a motor is doubled, what happens to the torque?",Torque halves because a stronger field opposes the coil's rotation,"Torque remains unchanged because torque depends only on current, not field",Torque doubles because the force on a current-carrying conductor is proportional to field strength,q3_c
9,7,Why does ice float on water?,Ice floating on water is so rare in nature it may be the reason life exists on Earth. What would happen if it sank?,https://elevatestemdaily.github.io/elevate-stem-daily-lessons/lessons/class-7/cwovi0n1or.html,"If water ice were denser than liquid water like most substances, how would life in Earth's oceans be different today?",What is the main reason ice floats on liquid water?,"Ice is less dense than liquid water because water molecules form a hexagonal crystal structure when frozen, taking up more space.",Ice floats because it contains trapped air bubbles that make it lighter than water.,"Ice floats because its surface is smoother, reducing the friction that would make it sink.",q1_a,Why is understanding the molecular structure of ice more useful than knowing that ice floats?,"Ice always sinks in warm water, so the molecular explanation is incorrect.",A mechanism explains the cause-and-effect chain and allows prediction in new situations.,The floating of ice is only important in polar regions and not relevant elsewhere.,q2_b,What would happen to aquatic life in lakes if ice were denser than water and sank to the bottom?,Fish would swim to the surface in winter because warm water rises to replace sinking ice.,Lakes would freeze more slowly because sunlight would not be blocked by a floating ice layer.,"Lakes would freeze solid from the bottom up, killing most aquatic life in winter.",q3_c
9,8,How does pressure change with depth?,"At the deepest ocean trench, the pressure equals 50 jumbo jets stacked on top of you — and life still exists there.",https://elevatestemdaily.github.io/elevate-stem-daily-lessons/lessons/class-8/h5sedqf7s3.html,"If humans could survive extreme deep-sea pressure without equipment, what ocean resources could we access that are now impossible?",What happens to water pressure as you go deeper underwater?,Pressure increases with depth because the weight of water above increases,Pressure decreases with depth because there is less air below the surface,Pressure stays constant at any depth because water is incompressible,q1_a,Why is understanding the pressure-depth mechanism useful?,Memorising that deep water is dangerous is sufficient for all purposes,It helps predict safe diving depths and design submarines and pipelines,"Pressure mechanisms only matter for gases, not liquids like water",q2_b,"If a submarine descended to twice the depth, what would you predict about external pressure?",External pressure would remain the same because water density is constant,Pressure would decrease as colder water is less able to exert force,External pressure would approximately double due to greater water weight above,q3_c
9,9,How do chemical bonds hold matter together?,The bond between two atoms is invisible and smaller than any instrument can touch — yet it holds together every solid thing you see.,https://elevatestemdaily.github.io/elevate-stem-daily-lessons/lessons/class-9/o6hizpgd25.html,"If we could design custom chemical bonds on demand, what material properties would you engineer that don't exist in nature?",What is the correct description of how ionic bonds form?,"Ionic bonds form when one atom transfers electrons to another, creating attracting oppositely charged ions",Ionic bonds form when two atoms share electrons equally in overlapping outer orbitals,Ionic bonds form when atoms merge their nuclei together under high temperature and pressure,q1_a,Why is knowing the mechanism of chemical bonding more useful than memorising bond definitions?,"Bond definitions are too long to memorise, so mechanisms replace them in advanced study",A mechanism explains cause-and-effect and allows prediction in new situations,Mechanisms are shorter and therefore easier to write in limited examination time,q2_b,"If an atom with one outer electron bonded with an atom that needed one electron, what would form?",A covalent compound where both atoms share their electrons equally across all shells,A metallic lattice because single-electron atoms always form metallic structures,"An ionic compound where the electron transfers, forming a positive and negative ion pair",q3_c
9,10,Why can carbon form millions of compounds?,"Carbon atoms can chain, branch, and ring together in endless combinations — which is why life as we know it exists.",https://elevatestemdaily.github.io/elevate-stem-daily-lessons/lessons/class-10/2ttfrtc7ce.html,Chemists have synthesised millions of carbon compounds that don't occur in nature. Could one replace plastic without the environmental damage?,What unique property of carbon allows it to form millions of compounds?,"Carbon can bond with itself and other atoms in chains, branches and rings","Carbon has the highest atomic mass among non-metals, allowing many reactions","Carbon exists in liquid form at room temperature, enabling flexible bonding",q1_a,Why does understanding carbon's catenation mechanism matter more than listing compounds?,Because listing compounds is impossible since there are millions of them,The catenation mechanism explains why carbon chemistry underlies all organic life,Because catenation only applies to carbon and cannot explain anything else,q2_b,What would happen to the variety of organic compounds if carbon could not bond to itself?,The variety would increase because carbon would form stronger bonds with other atoms,The number of compounds would stay the same since other atoms form chains too,Organic chemistry would be extremely limited with very few carbon compounds possible,q3_c
9,11,How rockets work,"Rockets accelerate by throwing mass backwards — there's nothing to push against in space, so Newton's third law does all the work.",https://elevatestemdaily.github.io/elevate-stem-daily-lessons/lessons/class-11/rglh389gf2.html,"If humanity needed to leave Earth in under 50 years, what rocket technology advances would be most critical?",Which physical principle explains how a rocket accelerates in the vacuum of space?,Newton's third law: exhaust gases pushed backward propel the rocket forward,Bernoulli's principle: faster gas flow below the rocket creates upward lift,Archimedes' principle: the rocket displaces air to generate buoyant thrust,q1_a,Why is understanding rocket propulsion through Newton's third law more useful than knowing fuel burn rate?,Newton's third law shows that rockets can operate without fuel in deep space,It reveals the cause-and-effect mechanism linking exhaust momentum to rocket acceleration,Fuel burn rate is irrelevant since thrust depends only on exhaust temperature,q2_b,"If a rocket expels the same exhaust mass but at twice the velocity, how does thrust change?",Thrust halves because the exhaust takes longer to leave the engine,Thrust is unchanged since mass flow rate is the same,Thrust doubles because momentum of exhaust is proportional to its velocity,q3_c
9,12,How generators work,"Almost all electricity on Earth — wind, coal, nuclear, hydro — comes from the same trick: spinning a magnet near a coil.",https://elevatestemdaily.github.io/elevate-stem-daily-lessons/lessons/class-12/c28desizc2.html,"If a generator could be made small enough to wear, what human motion could power your devices throughout the day?",What is the core principle by which a generator produces electricity?,"A rotating coil in a magnetic field experiences changing flux, inducing an EMF",Chemical reactions in the coil convert heat directly into electrical current,Friction between the rotor and stator strips electrons from the conductor,q1_a,Why is Faraday's law of induction the key mechanism for generators?,"It states that voltage equals current divided by time, simplifying generator design",It quantifies how changing magnetic flux through a coil produces EMF,It proves that AC generators always produce exactly 220 V output,q2_b,"If a generator's coil spins twice as fast, what happens to the induced EMF?",EMF halves because faster rotation reduces the time flux is changing,EMF stays the same because the magnetic field inside the generator is fixed,EMF doubles because the rate of change of magnetic flux increases with speed,q3_c
10,7,How does a refrigerator actually cool things?,A fridge doesn't create coldness — it moves heat somewhere else. There's no such thing as 'cold energy'. What's happening?,https://elevatestemdaily.github.io/elevate-stem-daily-lessons/lessons/class-7/ydcywk5g7r.html,"If fridge-style heat pumps replaced all gas boilers in homes, how much carbon could be removed from domestic energy use?",What is the basic mechanism by which a refrigerator cools food?,"A refrigerant fluid circulates through coils, evaporating inside the fridge to absorb heat and condensing outside to release it.",The refrigerator generates cold air by spinning a fan through ice water stored in the back panel.,Electric current flowing through metal coils directly absorbs heat from the food inside.,q1_a,Why is understanding the refrigeration cycle more useful than knowing that a refrigerator keeps things cold?,"Refrigerators produce cold from nothing, so there is no mechanism to explain.",A mechanism explains the cause-and-effect chain and allows prediction in new situations.,"All appliances work the same way, so understanding one mechanism explains nothing new.",q2_b,"If the refrigerant fluid in a refrigerator leaked out completely, what would you predict would happen?",The fridge would cool more efficiently because air conducts cold better than refrigerant.,The compressor would produce more electrical energy to compensate for the missing refrigerant.,The refrigerator would stop cooling because there is no fluid to carry heat away from inside.,q3_c
10,8,Why does a balloon expand at high altitude?,Weather balloons swell to the size of a house before popping — just from air pressure dropping as they rise.,https://elevatestemdaily.github.io/elevate-stem-daily-lessons/lessons/class-8/jufuwwxxhb.html,"If you inhaled from a balloon at high altitude then came back to sea level, what would happen to your lungs and why?",Why does a sealed balloon get bigger when it rises to high altitude?,"Atmospheric pressure decreases at altitude, allowing the gas inside to expand",Warmer temperatures at altitude cause the rubber to stretch outward,Gravity decreases at altitude so gas molecules spread apart naturally,q1_a,Why is knowing the mechanism of gas expansion more useful than just observing it expands?,Observing the expansion is enough to design weather balloons accurately,It enables predictions about balloon volume at different altitudes or pressures,"Gas expansion mechanisms only apply to helium, not to air-filled balloons",q2_b,"If a balloon were taken deep underwater instead, what would you predict?",The balloon would expand as water is denser and pushes gas outward,The balloon would stay the same size as water pressure is uniform,The balloon would shrink because increased pressure compresses the gas inside,q3_c
10,9,Why does mass stay conserved in a reaction?,"Burn a log until nothing remains but ash — weigh everything including the smoke, and nothing has disappeared.",https://elevatestemdaily.github.io/elevate-stem-daily-lessons/lessons/class-9/ha396kcj1z.html,"If a future reaction truly violated conservation of mass by even a tiny amount, what would that mean for all of physics?",What does the law of conservation of mass state about a chemical reaction?,Total reactant mass equals total product mass; atoms are neither created nor destroyed,Mass increases in every reaction because energy is converted into additional matter,Mass is conserved only in physical changes but always changes in chemical reactions,q1_a,Why is understanding the atomic mechanism of mass conservation more useful than just stating the law?,"The law is outdated, so the mechanism provides a more modern and accurate description",A mechanism explains cause-and-effect and allows prediction in new situations,Memorising the law is sufficient for all practical laboratory and industrial purposes,q2_b,"If a metal burned completely in air and the ash seemed lighter, what prediction explains this correctly?",Some atoms were destroyed in the intense heat of the combustion reaction,"The metal released protons that escaped into the atmosphere, reducing its mass",Some product gases escaped into the air; total mass including gases is still conserved,q3_c
10,10,How soap actually removes dirt,"Soap is a molecular key — one end grabs oil, the other grabs water, forcing the two to coexist and carry dirt away.",https://elevatestemdaily.github.io/elevate-stem-daily-lessons/lessons/class-10/0udnk95w72.html,"If you could engineer a soap-like molecule with no environmental toxicity that cleaned better than detergents, where would you start?",How does soap remove oil-based dirt from skin?,Soap molecules have a water-loving head and oil-loving tail that trap dirt,Soap dissolves all oils by converting them into water-soluble acids,"Soap neutralises all dirt chemically, breaking it down into harmless gases",q1_a,Why is understanding the micelle mechanism of soap more useful than knowing it cleans?,Because micelles are visible to the naked eye and easy to demonstrate,The mechanism explains why soap works on oil but water alone cannot remove it,Because the mechanism proves that any liquid can replace soap for cleaning,q2_b,What would happen to soap's cleaning ability in hard water with high mineral content?,Soap would clean more efficiently because minerals help break down grease,Soap would clean identically because water hardness does not affect micelles,Soap would lose effectiveness because minerals react with it to form scum,q3_c
10,11,Rotational motion: why wheels matter,"A wheel rolls without slipping — yet the bottom of the wheel, at every instant, is actually completely still. How?",https://elevatestemdaily.github.io/elevate-stem-daily-lessons/lessons/class-11/vwoii1jhas.html,Flywheels store enormous energy by spinning. Could city buses run entirely on flywheel energy between stops?,What is the rotational equivalent of linear inertia called?,"Moment of inertia, which depends on mass distribution about the rotation axis","Angular velocity, which measures how fast the object completes each rotation","Torque, which is the rotational form of linear momentum",q1_a,Why is understanding torque more useful than knowing only a wheel's rotational speed?,Torque indicates the colour of the rotational field around the wheel,"Torque explains the cause of rotation, enabling prediction of angular acceleration",Torque replaces the need to measure angular displacement in wheel design,q2_b,"If the radius at which a force is applied to a wheel is doubled, what happens to the torque produced?",Torque halves because the moment arm becomes less efficient at greater distances,Torque stays the same since only the applied force determines rotation,Torque doubles because torque = force multiplied by perpendicular distance,q3_c
10,12,Maxwell's great unification,"In 1865, Maxwell predicted radio waves from pure mathematics — 23 years before anyone built a radio. How confident was he?",https://elevatestemdaily.github.io/elevate-stem-daily-lessons/lessons/class-12/01ad9zlllj.html,"Maxwell unified electricity and magnetism. If a future physicist unified gravity with the other forces, what technology might follow?",What did Maxwell's equations unify into a single framework?,Electricity and magnetism as two aspects of one electromagnetic interaction,Gravity and nuclear forces into a single field equation,Thermodynamics and electrostatics into a combined energy principle,q1_a,Why was Maxwell's prediction of electromagnetic waves a landmark in physics?,"It replaced Newton's laws, making mechanics obsolete for all purposes",It showed that changing fields can propagate through space without a medium,It proved that light travels at different speeds in different reference frames,q2_b,"If Maxwell had found that electromagnetic waves needed a medium to travel, what would follow?",Radio signals would travel faster in vacuum than in glass fibres,Television would work better in air than in underground cables,Light could not travel through the vacuum of space to reach Earth from the Sun,q3_c
11,7,Why do shadows change during the day?,"Your shadow is longest in the morning, shortest at noon, and long again at evening. What invisible clock drives this?",https://elevatestemdaily.github.io/elevate-stem-daily-lessons/lessons/class-7/8k96zk9cx4.html,"Before clocks were invented, people used shadow length to tell time. Could shadow-based timekeeping ever be precise enough for science?",What is the main reason shadows change length and direction during the day?,"As the Earth rotates, the Sun's apparent position in the sky changes, altering the angle of light and therefore the shadow's length and direction.",The Moon's gravitational pull bends sunlight differently at different times of the day.,Shadows change because the temperature of the air bends light rays by different amounts.,q1_a,Why is understanding Earth's rotation more useful than just observing that shadows move?,"Shadows are caused by clouds, so Earth's rotation plays no role in their movement.",A mechanism explains the cause-and-effect chain and allows prediction in new situations.,Shadow movement is random and cannot be predicted by any mechanism.,q2_b,"If you measured the length of your shadow at noon and again at 4 PM, what would you predict?",The shadow would be longer at noon because the Sun is directly overhead and very hot.,The shadow would be the same length because the Sun moves at a constant speed.,The shadow would be longer at 4 PM because the Sun is lower in the sky at that time.,q3_c
11,8,How does a hydraulic lift lift a car?,A mechanic pushes a small piston with one finger — and a car weighing 1.5 tonnes rises. Pascal explains the impossible.,https://elevatestemdaily.github.io/elevate-stem-daily-lessons/lessons/class-8/uik3yga9b0.html,"Hydraulic systems power aircraft, diggers, and surgical robots. If hydraulic fluid could be replaced with something safer, what would you use?",What scientific principle makes a hydraulic lift able to lift a heavy car?,Pascal's law: pressure applied to a fluid is transmitted equally in all directions,Bernoulli's principle: fast-moving fluid creates lift under the car,Archimedes' principle: the oil displaces the car's weight upward,q1_a,Why is understanding Pascal's law more useful than just knowing hydraulics work?,Knowing hydraulics work is sufficient for designing all mechanical systems,It lets engineers calculate piston sizes needed to lift any given load,"Pascal's law only applies to water, not to the oil used in hydraulics",q2_b,"If the output piston area of a hydraulic lift were doubled, what would you predict?",The lift force would be halved because more area reduces the pressure,The fluid would flow backwards and the car would be lowered instead,"The lift force would double, allowing the system to lift twice the load",q3_c
11,9,How does your body obtain energy from food?,Your body runs on a molecule called ATP — and you recycle your entire body weight in ATP every single day.,https://elevatestemdaily.github.io/elevate-stem-daily-lessons/lessons/class-9/s06bj53evj.html,"If scientists could engineer cells that produced ATP twice as efficiently, what human performance limits might that break?",What process does the body use to release energy from glucose for cellular use?,"Cellular respiration breaks down glucose using oxygen, releasing energy stored as ATP",Digestion converts glucose directly into electricity that powers muscle contractions,Photosynthesis in red blood cells converts glucose into usable heat energy,q1_a,Why is knowing the mechanism of energy release more useful than just knowing food gives energy?,"Food labels describe energy content, making mechanism knowledge unnecessary in practice",A mechanism explains cause-and-effect and allows prediction in new situations,Mechanisms are only relevant for athletes and not for average healthy individuals,q2_b,"If oxygen supply to cells were cut off, what would you predict about energy production?",Energy production would increase because cells switch to a more efficient pathway,Energy production would remain normal because mitochondria store enough reserve oxygen,Aerobic respiration would stop and cells would rely on less efficient anaerobic respiration,q3_c
11,10,How does DNA store information?,All of human genetic history — every person who ever lived — is encoded in a molecule thinner than a strand of light.,https://elevatestemdaily.github.io/elevate-stem-daily-lessons/lessons/class-10/7kqvdhq5a7.html,"Scientists already store digital data in synthetic DNA. If DNA becomes the standard for data storage, what are the limits and risks?",How does DNA store genetic information?,"DNA stores information as sequences of four chemical bases: A, T, G, and C",DNA stores information as electrical charges along its sugar-phosphate backbone,DNA stores information through its double-helix shape and overall length,q1_a,Why is understanding the base-sequence mechanism of DNA storage more useful than just knowing DNA exists?,Because knowing DNA exists is sufficient for understanding all genetic diseases,The mechanism explains how mutations cause disease and how genes are read,Because the mechanism proves DNA is the same in all living organisms always,q2_b,What would happen if a single base in a critical gene were changed by mutation?,Nothing would change because single base changes are always self-correcting,The entire chromosome would be destroyed by the cell's repair mechanisms,"A different amino acid could be incorporated, potentially altering protein function",q3_c
11,11,Why does a spinning top stay upright?,"A spinning top defies gravity as long as it spins — the moment it slows, it falls. Angular momentum is holding it up.",https://elevatestemdaily.github.io/elevate-stem-daily-lessons/lessons/class-11/35nxmq7ht9.html,"Gyroscopes stabilise ships, satellites, and phones. If gyroscopic stabilisation could treat human balance disorders, how might it work?",What physical phenomenon keeps a spinning top from falling over?,Gyroscopic effect: angular momentum resists changes to the axis of rotation,Surface tension between the tip and the floor prevents tilting,Bernoulli pressure differences above and below the top create upward lift,q1_a,Why does understanding angular momentum conservation explain a top's stability better than friction alone?,Angular momentum always equals zero when friction is present,It reveals the mechanism: large angular momentum makes the axis resist reorientation,Friction provides enough upward force to counteract gravity on the top,q2_b,"As a spinning top slows down, why does it begin to wobble and eventually fall?","Slower spin increases surface tension, pulling the tip sideways",Reduced friction at the tip allows gravity to push the top upward,"Reduced angular momentum means less resistance to gravitational torque, causing precession and fall",q3_c
11,12,How electromagnetic waves travel through space,Light from the Sun left 8 minutes ago. Electromagnetic waves travel through perfect vacuum — needing nothing to carry them.,https://elevatestemdaily.github.io/elevate-stem-daily-lessons/lessons/class-12/yap1g08wt8.html,"If electromagnetic waves required a medium to travel, would we have ever discovered radio astronomy or developed mobile phones?",How do electromagnetic waves propagate through empty space?,Oscillating electric and magnetic fields mutually regenerate each other as they travel,A medium of aether carries the oscillations from one point to another,Photon particles push against the vacuum to create a pressure wave,q1_a,Why is the mutual induction mechanism between E and B fields important?,It shows why EM waves travel faster in water than in air,It explains how EM waves can carry energy across a perfect vacuum,It proves that EM waves must always travel at the speed of sound,q2_b,"If the frequency of an electromagnetic wave is doubled, what happens to its wavelength?",Wavelength doubles because frequency and wavelength always increase together,Wavelength stays the same because both are fixed properties of the wave type,Wavelength halves because speed equals frequency times wavelength and speed is constant,q3_c
12,7,How does a mirror produce your image?,"The image in a mirror is not where you think it is — it's behind the glass, and it reverses left and right but not top and bottom.",https://elevatestemdaily.github.io/elevate-stem-daily-lessons/lessons/class-7/j05gwzr2rz.html,Why does a mirror reverse left and right but not top and bottom? Could you design a mirror that doesn't reverse at all?,What is the mechanism by which a flat mirror produces a reflection of your face?,"Light rays from your face hit the smooth mirror surface and bounce back at equal but opposite angles, forming a virtual image.",Mirrors contain a thin film of glass that stores a photographic imprint of whatever is in front of it.,The silver coating in a mirror emits its own light shaped like the object placed in front of it.,q1_a,Why is understanding how light reflects off mirrors more useful than knowing mirrors show your image?,"All surfaces reflect light equally, so the mechanism of mirrors is not unique.",A mechanism explains the cause-and-effect chain and allows prediction in new situations.,Mirror reflections are an optical illusion and cannot be explained by a mechanism.,q2_b,"If you covered a mirror with a rough, uneven coating, what would you predict would happen to the reflection?",The image would become sharper because rough surfaces scatter light more precisely.,The image would become brighter because roughness increases the amount of light reflected.,The image would become blurry or disappear because the rough surface scatters light in many directions.,q3_c
12,8,How does an electric motor work?,Electric motors are older than the light bulb — but they now power everything from nano-robots to freight trains.,https://elevatestemdaily.github.io/elevate-stem-daily-lessons/lessons/class-8/spxjw7skau.html,"If electric motors became 100% efficient with zero energy loss, which energy problem would that solve first?",What causes an electric motor to rotate?,"A current-carrying coil in a magnetic field experiences a force, causing rotation",Electric charge builds up on the coil and repels the outer casing,Heating of the wire by current causes it to expand and spin,q1_a,Why is understanding the motor mechanism more useful than knowing it spins?,Knowing the motor spins is sufficient for all electrical engineering work,It helps engineers design motors with the correct power and efficiency,"The motor mechanism only applies to DC motors, not AC motors",q2_b,"If the magnetic field in a motor were made stronger, what would you predict?",The motor would stop spinning because stronger fields oppose current flow,The motor coil would resist rotation due to greater electromagnetic induction,The motor would produce more torque and rotate with greater force,q3_c
12,9,The architecture of a cell,A single living cell is more complex than any factory ever built — yet it fits inside a space visible only under a microscope.,https://elevatestemdaily.github.io/elevate-stem-daily-lessons/lessons/class-9/zitjh19fm0.html,Synthetic biologists are designing artificial cells from scratch. What is the minimum set of parts for a cell to count as 'alive'?,Which structure controls all activities of the cell and contains its genetic material?,"The nucleus, which houses DNA and directs all cellular processes and protein synthesis","The mitochondria, which store DNA and control the cell's metabolic rate and growth","The cell membrane, which acts as a command centre regulating all internal chemical signals",q1_a,Why is understanding how cell organelles interact more useful than listing them separately?,"Listing organelles is only required for diagrams, not for explanatory written answers",A mechanism explains cause-and-effect and allows prediction in new situations,"Interaction data changes frequently, so understanding lists is more reliable long-term",q2_b,"If the cell membrane were made completely impermeable, what would you predict?",The cell would grow faster because more nutrients would be retained inside permanently,The nucleus would compensate by producing more enzymes to sustain internal reactions,The cell would die because nutrients could not enter and waste products could not leave,q3_c
12,10,How are proteins produced from DNA instructions?,DNA doesn't build proteins directly — it sends a molecular text message that gets read by a tiny machine called a ribosome.,https://elevatestemdaily.github.io/elevate-stem-daily-lessons/lessons/class-10/novporhsvn.html,"Viruses hijack ribosomes to print their own proteins. If we could block just viral protein production, would we have a universal antiviral?",What is the correct sequence for protein production from DNA?,"DNA is transcribed into mRNA, which is translated into a protein at ribosomes",DNA is directly converted into proteins inside the nucleus without any intermediary,Proteins are copied directly from existing proteins using DNA as a guide only,q1_a,Why is understanding transcription and translation more useful than just knowing proteins come from DNA?,Because transcription and translation are only relevant for bacterial cells,The mechanism reveals why drugs targeting ribosomes can stop bacterial protein synthesis,Because translation is the only step that matters; transcription is just copying,q2_b,What would happen to protein production if ribosomes in a cell were destroyed?,Protein production would increase because the cell uses mitochondria as backup,Protein production would continue normally since DNA can produce proteins directly,Protein synthesis would halt completely because ribosomes are where mRNA is translated,q3_c
12,11,Energy and the laws of nature,Energy can never be created or destroyed — which means every joule powering your phone was forged in a star billions of years ago.,https://elevatestemdaily.github.io/elevate-stem-daily-lessons/lessons/class-11/1pf4dkjsqe.html,"If a future material could convert 100% of thermal energy into electricity, which global energy problems would it solve first?",What does the law of conservation of energy state?,Energy cannot be created or destroyed; it only changes from one form to another,Energy is always lost as heat in every physical process,Total energy in a system increases whenever work is done on it,q1_a,Why is energy conservation more useful than tracking the motion of every particle?,Energy conservation lets us ignore mass during all physical calculations,It provides a universal cause-and-effect law that predicts outcomes across all processes,Energy conservation proves that no process can ever produce useful work,q2_b,"If all kinetic energy of a falling ball is converted to heat on impact, what happens to total mechanical energy?",Total energy increases because heat adds extra energy to the system,Mechanical energy is conserved because heat is just another form of kinetic energy,Mechanical energy decreases but total energy (including heat) remains conserved,q3_c
12,12,"How radio, Wi-Fi and mobile signals work",The Wi-Fi passing through your walls right now carries information by wobbling an invisible wave billions of times per second.,https://elevatestemdaily.github.io/elevate-stem-daily-lessons/lessons/class-12/yg7yna0d69.html,5G uses higher frequencies than 4G for faster data. What physical trade-offs come with always pushing signal frequencies higher?,How is information carried by a radio wave?,By modulating the amplitude or frequency of a carrier electromagnetic wave,By sending pulses of visible light coded as binary through the air,By physically vibrating air molecules at the transmission frequency,q1_a,Why does understanding modulation explain why AM and FM radio sound different?,"FM modulates amplitude while AM modulates frequency, causing different volumes",AM varies amplitude and picks up more electrical noise; FM varies frequency and is clearer,Both AM and FM use the same modulation but differ only in transmission power,q2_b,"If a Wi-Fi router switches from 2.4 GHz to 5 GHz, what changes about the signal?",The signal travels farther because higher frequency waves have more energy,The signal strength stays the same because routers regulate power automatically,The signal has shorter range but higher data capacity due to the higher frequency,q3_c
13,7,Why does sound disappear in space?,"In space, no one can hear you scream — and the science behind that is more interesting than the movie ever suggested.",https://elevatestemdaily.github.io/elevate-stem-daily-lessons/lessons/class-7/6ic8eofu8a.html,"If a new medium were discovered in space that could carry sound waves, how would that change astronomy?",What is the main reason sound cannot travel through space?,Sound is a mechanical wave that needs a medium of particles to travel through; space is a vacuum with no particles.,Sound disappears in space because the cold temperature freezes the sound waves instantly.,Gravity in space is too weak to carry sound vibrations between objects.,q1_a,Why is understanding that sound needs a medium more useful than just knowing sound cannot travel in space?,"Sound actually travels faster in space than on Earth, so the medium does not matter.",A mechanism explains the cause-and-effect chain and allows prediction in new situations.,"Space is full of invisible gas, so the explanation about a vacuum is incorrect.",q2_b,"If astronauts in space suits needed to communicate, what would you predict would work and what would not?",Shouting loudly would work because space suits amplify sound vibrations significantly.,Tapping helmets together would be enough because vibrations travel well through any vacuum.,Radio waves would work but direct voice communication through the vacuum would fail.,q3_c
13,8,How does a generator produce electricity?,"Every light in your home was created by something spinning. Wind, coal, nuclear, hydro — the final step is always a spinning magnet.",https://elevatestemdaily.github.io/elevate-stem-daily-lessons/lessons/class-8/n45h74f048.html,"If every person's daily movement could be converted to electricity via tiny generators, how much power could a city of 10 million produce?",What is the basic mechanism by which a generator produces electricity?,A coil rotating in a magnetic field induces an electric current by electromagnetic induction,A generator stores static charge and releases it as a current when needed,Chemical reactions inside the generator convert stored energy directly to current,q1_a,Why is understanding electromagnetic induction more useful than knowing generators make electricity?,Knowing generators make electricity is sufficient for all power engineering,It allows engineers to predict output voltage and design efficient power systems,"Induction mechanisms only apply to alternators, not to simple DC generators",q2_b,"If a generator's coil spun twice as fast, what would you predict about the output?",The output voltage would decrease because faster rotation weakens the field,The output would stay constant because voltage depends only on coil size,The output voltage and frequency would both increase,q3_c
13,9,Mitochondria: the cell's power plants,"Mitochondria have their own DNA, separate from the rest of your cell. Scientists believe they were once independent bacteria.",https://elevatestemdaily.github.io/elevate-stem-daily-lessons/lessons/class-9/i81d7aoefx.html,"If scientists could transplant healthy mitochondria into cells with damaged ones, what diseases could that treat?",What is the primary function of mitochondria in a cell?,"Mitochondria carry out aerobic respiration to produce ATP, the cell's main energy currency",Mitochondria store genetic instructions and direct the production of new proteins in the cell,Mitochondria produce glucose from carbon dioxide through a process similar to photosynthesis,q1_a,Why is understanding the mechanism of ATP production more valuable than just knowing mitochondria make energy?,"Energy production is obvious from eating food, so the mechanism adds no extra information",A mechanism explains cause-and-effect and allows prediction in new situations,ATP production mechanisms are only relevant to professional biochemists in research labs,q2_b,"If a cell had no mitochondria, what would you predict about its energy production?",The cell would produce more energy by absorbing sunlight directly through the membrane,The cell would produce energy normally using the nucleus as an alternative power centre,The cell could not perform aerobic respiration and would have greatly reduced energy supply,q3_c
13,10,Why are offspring similar but not identical?,You share 99.9% of your DNA with every human on Earth — yet no two people look exactly alike. The 0.1% does a lot of work.,https://elevatestemdaily.github.io/elevate-stem-daily-lessons/lessons/class-10/yj14j01eiq.html,"If genetic variation were eliminated and all humans were genetically identical, what biological advantages and dangers would follow?",Why do sexually reproducing offspring resemble parents but are not identical?,Each parent contributes half the chromosomes; random gene combinations create variation,Offspring are identical to one parent but not the other due to dominant genes,Environmental factors during growth cause minor changes to inherited DNA sequences,q1_a,Why is understanding genetic variation mechanisms more useful than just noting family resemblances?,Because family resemblances are obvious and need no scientific explanation,"The mechanism explains inherited diseases, evolution and why siblings differ",Because the mechanism proves all siblings receive exactly 50% of each gene,q2_b,What would happen to variation if organisms reproduced only asexually?,Variation would increase because asexual reproduction allows more mutations,Variation would be the same because mutations occur at the same rate either way,Variation would decrease dramatically because offspring would be genetic clones,q3_c
13,11,How does gravity shape the universe?,"Gravity is by far the weakest of all fundamental forces — yet it shaped every galaxy, star, and planet in the universe.",https://elevatestemdaily.github.io/elevate-stem-daily-lessons/lessons/class-11/sg18t2afxf.html,"If gravity varied in strength by location across Earth, how would architecture, transport, and agriculture need to change?",What is Newton's law of universal gravitation?,"Every mass attracts every other mass with force proportional to their masses, inversely proportional to distance squared",Gravity acts only between large bodies and has no effect on small particles,Gravitational force increases linearly as the distance between two masses increases,q1_a,Why does understanding the inverse-square law of gravity enable better predictions than memorising planetary orbit periods?,The inverse-square law removes the need to calculate gravitational constants,"It reveals the mechanism linking distance to force, allowing prediction of any orbit or trajectory",Orbit periods are unrelated to gravitational force between two masses,q2_b,"If the distance between two masses is tripled, by what factor does the gravitational force change?",The force triples because distance and force are directly proportional,"The force is reduced by a factor of 3, since gravity decreases linearly with distance","The force is reduced by a factor of 9, since gravity follows an inverse-square relationship",q3_c
13,12,How lenses form images,Your eye is a biological lens that continuously refocuses 50 times per second — more sophisticated than any camera ever made.,https://elevatestemdaily.github.io/elevate-stem-daily-lessons/lessons/class-12/c4f80m4566.html,"If cameras used liquid lenses that could reshape like the human eye, what would become possible in photography and medicine?",How does a convex lens form a real image of a distant object?,It refracts parallel light rays so they converge at the focal point,It reflects incoming light inward using a curved mirrored surface,It absorbs light from the object and re-emits it at a focused spot,q1_a,Why does understanding refraction as a mechanism explain lens power?,It shows that lens colour determines whether the image is real or virtual,It explains why a more curved lens bends light more and has shorter focal length,"It proves that only glass lenses can form images, not plastic ones",q2_b,"If an object moves closer to a convex lens than its focal length, what type of image forms?","A real, inverted, magnified image on the opposite side of the lens",No image forms because light rays become parallel when they leave the lens,"A virtual, upright, magnified image on the same side as the object",q3_c
14,7,How does your ear turn sound into signals?,Your ear converts air vibrations into electrical signals using three bones so small they'd all fit on a fingernail.,https://elevatestemdaily.github.io/elevate-stem-daily-lessons/lessons/class-7/h9l8ftgwxi.html,Cochlear implants restore hearing by bypassing the ear and stimulating the nerve directly. Could this approach work for other senses?,What is the mechanism by which the ear converts sound waves into nerve signals?,Sound waves make the eardrum vibrate; tiny bones amplify this vibration and the cochlea converts it to electrical nerve signals.,"Sound waves are absorbed by the ear canal lining, which contains chemical sensors that detect pitch.",The ear funnels sound into the brain directly through the auditory canal without any vibrating structures.,q1_a,Why is understanding the mechanism of hearing more useful than knowing that ears detect sound?,The ear is too complex to have a mechanism; it works like a magic receiver.,A mechanism explains the cause-and-effect chain and allows prediction in new situations.,"All animals hear identically, so understanding the human ear explains nothing new.",q2_b,"If the tiny bones (ossicles) inside a person's ear were damaged, what would you predict would happen?",The person would hear more clearly because fewer parts would interfere with sound transmission.,The eardrum would vibrate more strongly to compensate for the missing bone movement.,Hearing would be significantly reduced because vibrations could not be amplified and sent to the cochlea.,q3_c
14,8,Why does lightning happen?,"A single lightning bolt heats the air around it to 30,000°C — five times hotter than the surface of the Sun.",https://elevatestemdaily.github.io/elevate-stem-daily-lessons/lessons/class-8/quk61w7mvs.html,"Lightning strikes Earth 100 times every second. If we could capture and store that energy, how much power would that be globally?",What causes the electrical discharge we see as lightning?,Charge separation in clouds builds up until electrical discharge jumps to ground,Friction between raindrops and clouds produces heat that glows as lightning,Oxygen in clouds reacts with nitrogen and releases energy as a bright flash,q1_a,Why is understanding the charge-separation mechanism more useful than knowing lightning is dangerous?,Knowing lightning is dangerous is sufficient for all safety applications,It helps design lightning rods and predict storm behaviour accurately,"The mechanism only explains cloud-to-ground lightning, not cloud-to-cloud",q2_b,"If a tall metal rod were placed on a building during a storm, what would you predict?",The rod would attract more lightning and cause more damage to the building,The rod would repel lightning by creating a magnetic field around the building,Lightning would strike the rod and safely conduct charge to the ground,q3_c
14,9,Why is DNA so important?,"Your DNA is 2 metres long — and it fits inside every single cell in your body by folding itself 250,000 times over.",https://elevatestemdaily.github.io/elevate-stem-daily-lessons/lessons/class-9/wzilhwx4ge.html,"CRISPR can edit DNA like a word processor. If you could change one gene in all living humans at once, what problem would you fix?",Why is DNA described as the blueprint of an organism?,DNA contains genetic instructions that determine the structure and function of all proteins,DNA provides energy for cellular reactions by breaking down into glucose molecules when needed,DNA controls the heartbeat by sending electrical signals directly to muscle cells,q1_a,Why is understanding how DNA encodes information more useful than just knowing DNA is important?,DNA importance is taught in all grades so no mechanism is needed beyond basic awareness,A mechanism explains cause-and-effect and allows prediction in new situations,Knowing DNA is important is enough for answering most biology examination questions,q2_b,"If a mutation changed the DNA sequence in a gene, what would you predict?",The DNA would repair itself immediately using enzymes that reverse all mutations automatically,The mutation would have no effect because DNA is protected by a waterproof sheath,The protein produced from that gene could have an altered structure and function,q3_c
14,10,How does natural selection work?,Bacteria evolve resistance to antibiotics in days. We've fought them for decades. Natural selection is running in real time.,https://elevatestemdaily.github.io/elevate-stem-daily-lessons/lessons/class-10/6ie0g46ya1.html,"If natural selection always favours survival, why do humans have traits that seem harmful — like chronic anxiety or back pain?",What is the core mechanism of natural selection?,Individuals with traits better suited to the environment survive and reproduce more,Organisms choose to develop useful traits when the environment demands it,The environment directly mutates DNA to match what each organism needs,q1_a,Why is understanding natural selection's mechanism more useful than just knowing evolution happens?,Because knowing evolution happens is all that is needed to pass exams,The mechanism predicts why antibiotic resistance evolves in bacteria populations,Because the mechanism proves evolution only applies to large visible animals,q2_b,What would happen to a trait in a population if it reduced reproductive success?,The trait would spread faster because disadvantaged individuals breed more,The trait would remain stable in the population indefinitely through genetic drift,The trait would become rarer over generations as fewer carriers pass it on,q3_c
14,11,The molecular world of matter,"Two substances can be made of the same atoms in the same ratio — yet taste different, smell different, and have different properties.",https://elevatestemdaily.github.io/elevate-stem-daily-lessons/lessons/class-11/j45u1v8aor.html,Intermolecular forces explain why geckos can walk on ceilings. Could engineers design gloves using the same van der Waals principle?,What distinguishes intermolecular forces from intramolecular (chemical bond) forces?,Intermolecular forces act between separate molecules; intramolecular forces hold atoms within one molecule,Intermolecular forces are always stronger than the covalent bonds within a molecule,Intramolecular forces only exist in gaseous substances at high temperatures,q1_a,Why is understanding intermolecular forces more useful than memorising boiling points of substances?,Intermolecular forces eliminate the need to measure vapour pressure experimentally,"It reveals the mechanism behind physical properties, enabling prediction of behaviour under new conditions","Boiling points are determined only by molecular mass, not by intermolecular forces",q2_b,"If intermolecular forces in a liquid were significantly weakened, what would happen to its boiling point?",The boiling point would increase because molecules would need more energy to interact,The boiling point would remain unchanged since it depends only on atmospheric pressure,The boiling point would decrease because less energy is needed to separate weakly held molecules,q3_c
14,12,How optical fibres transmit information,Your Netflix video travels as pulses of light through glass fibres thinner than a human hair — bouncing at the speed of light.,https://elevatestemdaily.github.io/elevate-stem-daily-lessons/lessons/class-12/bd34phkn8w.html,"If optical fibres could be made self-repairing, what would that mean for the reliability of global internet infrastructure?",What physical principle keeps light inside an optical fibre?,Total internal reflection at the core-cladding boundary when angle exceeds critical angle,Magnetic fields in the cladding repel photons back toward the fibre centre,Absorption of light by the cladding forces energy back into the core,q1_a,Why is total internal reflection a better mechanism than simple reflection for fibres?,"It allows fibres to work only with infrared, excluding visible light entirely",It traps nearly 100% of light with no silvered coating needed on the core,It works only when the fibre is completely straight with no bends at all,q2_b,"If the refractive index difference between core and cladding is reduced, what happens?",Light travels faster in the core and the signal arrives earlier at the receiver,The fibre becomes more flexible because a smaller index difference reduces stress,"The critical angle increases, making total internal reflection harder and causing more light loss",q3_c
15,7,Why does a bicycle stay upright?,"A bicycle is mathematically unstable when stationary — yet the moment it starts moving, everything changes. Why?",https://elevatestemdaily.github.io/elevate-stem-daily-lessons/lessons/class-7/xfw1t1gbdp.html,Self-balancing bikes have been built that ride without a rider. Could this principle be applied to stabilise robotic walking legs?,What is the main mechanism that keeps a moving bicycle balanced upright?,A moving bicycle stays upright through gyroscopic effects of spinning wheels and the rider making small steering corrections.,Bicycles stay upright because the weight of the rider presses evenly on both sides of the frame.,The rubber tyres create a magnetic interaction with the road that prevents the bicycle from falling.,q1_a,Why is understanding the physics of bicycle balance more useful than knowing a bicycle stays upright?,"Bicycles always fall over when stationary, so the mechanism only works when moving.",A mechanism explains the cause-and-effect chain and allows prediction in new situations.,"Balance is a skill only humans have, so the mechanism cannot be described scientifically.",q2_b,"If a bicycle were moving very slowly, what would you predict about its stability compared to a fast-moving bicycle?",A slow bicycle would be more stable because lower speed reduces vibrations in the wheels.,Speed has no effect on bicycle stability because the frame provides all the balance.,A slow bicycle would be less stable because the gyroscopic effect of spinning wheels is weaker at low speed.,q3_c
15,8,How does a mobile phone transmit information?,"Your voice becomes invisible electromagnetic waves, bounces off a tower, and rebuilds in someone else's ear — in under a second.",https://elevatestemdaily.github.io/elevate-stem-daily-lessons/lessons/class-8/qciv0l50j8.html,"As cities add more mobile devices, the radio spectrum becomes congested. What technology could multiply capacity without more spectrum?",How does a mobile phone send information wirelessly?,It converts data into electromagnetic radio waves that travel to a cell tower,It sends electrical pulses through underground copper cables to towers,It beams laser light signals directly to satellites in low orbit,q1_a,Why is understanding radio wave transmission more useful than knowing phones communicate?,Knowing phones communicate wirelessly is sufficient for all telecom work,"It helps engineers improve signal strength, bandwidth, and network coverage","Radio wave mechanisms only apply to older 2G networks, not 4G or 5G",q2_b,"If you moved to an area with no cell towers nearby, what would you predict?",The phone would automatically switch to satellite mode for full signal,Phone signals would become stronger as they spread out more in open space,Signal strength would drop and calls and data would fail or disconnect,q3_c
15,9,How do cells divide?,A human starts as one cell and ends up with 37 trillion — through copying so precise it almost never makes mistakes.,https://elevatestemdaily.github.io/elevate-stem-daily-lessons/lessons/class-9/jizqjx9lly.html,"Cancer is cell division gone wrong. If you could selectively pause cell division in just cancer cells, what challenges would you face?",What process allows body cells to divide and produce two identical daughter cells?,"Mitosis, in which the cell duplicates its chromosomes and then splits into two genetically identical cells","Meiosis, in which the cell splits into four cells each with a completely unique genetic code","Osmosis, in which the cell absorbs water until it is large enough to spontaneously divide in two",q1_a,Why is knowing the step-by-step mechanism of cell division more useful than just knowing cells divide?,Cell division happens automatically so only medical doctors need to understand its mechanism,A mechanism explains cause-and-effect and allows prediction in new situations,"Step-by-step knowledge is only needed for laboratory practicals, not written answers",q2_b,"If chromosomes failed to separate correctly during cell division, what would you predict?",The cell would divide more quickly because fewer chromosomes are easier to separate,The cell would immediately enter meiosis instead to compensate for the error,"Daughter cells could end up with the wrong number of chromosomes, possibly causing disease",q3_c
15,10,Could humans evolve into a new species?,Every species alive today evolved from something else. Humans included. Are we still evolving right now — and how would you know?,https://elevatestemdaily.github.io/elevate-stem-daily-lessons/lessons/class-10/qr5kqi9f52.html,"Reproductive isolation drives speciation. If a human population colonised Mars permanently, could it eventually become a new species?",What condition is necessary for a new species to evolve from an existing one?,Reproductive isolation separating populations so gene flow stops between them,A deliberate genetic engineering programme decided by scientists over centuries,A sudden massive mutation changing all chromosomes in one generation,q1_a,Why is understanding speciation mechanism more useful than just wondering if humans will change?,Because speciation never actually happens and is only a theoretical concept,"The mechanism explains how isolation, mutation and selection combine to create species",Because the mechanism proves humans are the final evolutionary product and will not change,q2_b,What would happen to speciation rate if two human populations were permanently isolated?,Speciation would be impossible because humans have too large a genome,The populations would remain genetically identical even after millions of years,Genetic differences would accumulate over many generations and speciation could occur,q3_c
15,11,Why gases behave the way they do,Gas molecules in a room move at 500 m/s and collide billions of times per second — yet the room appears completely calm.,https://elevatestemdaily.github.io/elevate-stem-daily-lessons/lessons/class-11/i2i25o5nrb.html,"If Earth's atmosphere were 10 times thicker, what would happen to temperature, weather, and the possibility of air travel?",What does the ideal gas law (PV = nRT) relate?,"Pressure, volume, amount of gas, and temperature in a mathematically predictable relationship","The viscosity, density, and molecular weight of a gas at a fixed temperature",The speed of gas particles and the number of atoms only at standard conditions,q1_a,Why is understanding kinetic molecular theory more useful than just knowing that gases expand when heated?,Kinetic theory proves that gases never exert pressure on container walls,"It reveals the particle-level mechanism linking temperature to pressure, enabling accurate predictions",Kinetic theory removes the need to measure gas volumes in any experiment,q2_b,"If a sealed gas container is heated, what happens to the pressure inside?",Pressure decreases because hot molecules move to lower energy states,Pressure stays constant since the volume of a rigid container cannot change,Pressure increases because faster-moving molecules collide with the walls more frequently and forcefully,q3_c
15,12,Why light behaves like a wave and a particle,Light passes through two slits and interferes with itself — as if it went through both at once. The universe is stranger than it seems.,https://elevatestemdaily.github.io/elevate-stem-daily-lessons/lessons/class-12/1hnnmkdg2q.html,"If light behaved purely as a particle with no wave nature, which modern technologies would become impossible?",Which experiment demonstrates the wave nature of light?,Young's double-slit experiment showing interference fringes on a screen,The photoelectric effect showing light ejects electrons from a metal,Compton scattering showing photons transfer momentum to electrons,q1_a,Why does the photoelectric effect prove light's particle nature?,It shows light waves can be reflected and refracted by metallic surfaces,"It shows that ejection depends on frequency not intensity, requiring discrete photons",It demonstrates that light travels at exactly 3 x 10^8 m/s in all materials,q2_b,"If the frequency of light shining on a metal is below the threshold, what happens?",Electrons are slowly ejected over time as energy accumulates from the wave,Electrons gain kinetic energy proportional to light intensity but are not ejected,No electrons are ejected regardless of intensity because photon energy is too low,q3_c
16,7,What makes electricity flow?,"Electricity moves through wires because of tiny particles you've never seen, pushed by a force you can't feel.",https://elevatestemdaily.github.io/elevate-stem-daily-lessons/lessons/class-7/7hzx7z5hyx.html,"Lightning and the current in your phone are both electricity, yet one can kill and one charges a device. What determines the difference?",What causes electric current to flow through a conductor?,"A potential difference (voltage) pushes free electrons through a conductor, creating an electric current.","Electricity flows because atoms in a wire vibrate and bump into each other, passing energy along.",Current flows because positive charges in the wire are attracted toward the negative terminal of a battery.,q1_a,Why is understanding voltage and electron flow more useful than knowing that electricity comes from a battery?,Batteries produce magic energy that cannot be explained by electron movement.,A mechanism explains the cause-and-effect chain and allows prediction in new situations.,"Electrons never actually move in a wire; only energy moves, so the mechanism is irrelevant.",q2_b,"If you connected a wire between the two terminals of a battery without any bulb or resistor, what would you predict?",No current would flow because a bulb is required to complete the circuit.,The battery would produce light instead of current because the circuit is incomplete.,"A very large current would flow, heating the wire rapidly and quickly draining the battery.",q3_c
16,8,What is actually happening inside a chemical reaction?,"When wood burns, atoms don't disappear into fire — they break apart and reassemble into entirely new combinations.",https://elevatestemdaily.github.io/elevate-stem-daily-lessons/lessons/class-8/naa3cnh6k9.html,"If you could design a chemical reaction that absorbed CO2 from the air and released nothing harmful, what would it produce?",What actually happens at the molecular level during a chemical reaction?,"Bonds between atoms break and new bonds form, creating different substances",Atoms are destroyed and new atoms are created from energy in the reaction,Molecules are compressed until they merge into a new larger molecule,q1_a,Why is understanding bond-breaking and bond-forming more useful than memorising reaction products?,Memorising products is sufficient since all reactions behave the same way,It allows prediction of energy changes and products in new reactions,"Bond mechanisms only apply to organic chemistry, not inorganic reactions",q2_b,"If a catalyst were added to a chemical reaction, what would you predict?",The reaction would stop because catalysts block bond-breaking pathways,New atoms would form because catalysts provide extra chemical energy,The reaction would speed up as the catalyst lowers activation energy,q3_c
16,9,Why do organisms need tissues?,"A single liver cell can perform 500 different chemical tasks — yet without neighbouring cells, a whole liver cannot function.",https://elevatestemdaily.github.io/elevate-stem-daily-lessons/lessons/class-9/zxu34zewoo.html,"If we could grow replacement organs entirely from a patient's own cells, which organ would be most life-saving to print first?",What is the main advantage of organising cells into tissues in a multicellular organism?,Tissues allow groups of specialised cells to perform a specific function more efficiently together,Tissues protect individual cells from damage by surrounding them with fluid-filled cushions,Tissues allow cells to reproduce faster by sharing genetic material between neighbouring cells,q1_a,Why is understanding how tissues enable specialisation more valuable than just knowing they exist?,Tissue names are not tested in examinations so understanding their existence is sufficient,A mechanism explains cause-and-effect and allows prediction in new situations,Tissues are the same in all organisms so one example is enough for complete understanding,q2_b,"If all cells in an organism were identical and unspecialised, what would you predict?",The organism would be more adaptable because each cell could perform any needed function,Growth would accelerate because identical cells divide faster than specialised cells,Complex functions such as digestion and nerve signalling could not operate efficiently,q3_c
16,10,How does the human nervous system work?,Your nervous system sends signals faster than a Formula 1 car — and it runs 24 hours a day without you noticing.,https://elevatestemdaily.github.io/elevate-stem-daily-lessons/lessons/class-10/b3add075vk.html,Neural interfaces already let paralysed people control computers with thought. What is the next frontier for brain-computer connection?,What is the basic unit of the nervous system that transmits signals?,The neuron transmits electrical impulses along its axon to other cells,The synapse is the cell that generates and carries all nerve impulses,The myelin sheath is the cell responsible for sending nervous system signals,q1_a,Why is understanding nerve signal transmission more useful than knowing the nervous system exists?,Because the nervous system is only relevant in medical emergencies and surgery,"The mechanism explains reflex arcs, drug effects and neurological disease origins",Because the transmission mechanism is identical in all animals including insects,q2_b,What would happen to nerve signal speed if myelin sheaths were damaged?,Signal speed would increase because less insulation means faster ion flow,Signal speed would remain the same since myelin only provides structural support,"Signal transmission would slow down or fail, as seen in multiple sclerosis",q3_c
16,11,Thermodynamics: why heat flows,Heat always moves from hot to cold — never the other way. This simple rule controls the fate of every engine ever built.,https://elevatestemdaily.github.io/elevate-stem-daily-lessons/lessons/class-11/7j6kxyo9n8.html,"If you could build an engine that violated the second law of thermodynamics, what would it mean for energy and for physics?",What does the second law of thermodynamics say about heat flow?,"Heat spontaneously flows from a hotter object to a cooler object, not the reverse",Heat flows equally in both directions between two objects at any temperature,Heat only flows when a mechanical pump forces energy between two systems,q1_a,Why is understanding thermodynamic laws more useful than simply observing that ice melts?,"Thermodynamic laws apply only to large industrial systems, not everyday phenomena",Thermodynamic laws reveal the cause (temperature gradient) and predict direction of heat transfer,Observing melting ice gives complete information about all thermodynamic processes,q2_b,"If a perfect insulator could surround a cup of hot tea, what would happen to the tea's temperature over time?",The tea would cool rapidly because insulators accelerate heat loss to the environment,The tea would grow hotter because insulation traps and amplifies thermal energy,The tea would maintain its temperature because no heat could flow to the surroundings,q3_c
16,12,The strange world of quantum mechanics,"A quantum particle can be in two places at once — until you look at it. Observation changes reality. That isn't philosophy, it's physics.",https://elevatestemdaily.github.io/elevate-stem-daily-lessons/lessons/class-12/gx1b6qjt0c.html,Quantum computers exploit superposition to solve problems normal computers cannot. What problems would you most want a quantum computer to crack?,What does quantum mechanics state about the behaviour of particles at atomic scales?,Particles exist as probability waves; their exact state is indeterminate until measured,Particles follow precise trajectories that can be calculated using Newton's laws,Particles always exist at rest inside atoms unless external energy is added,q1_a,Why does the concept of wave functions help predict quantum outcomes?,"Wave functions give exact positions of electrons, making experiments easier","Wave functions give probability distributions, letting us predict measurement outcomes statistically","Wave functions apply only to photons, not to massive particles like electrons",q2_b,"If you observe an electron's position precisely in a quantum system, what is the consequence?",Its energy becomes perfectly defined because position and energy are linked,Its colour changes because observation alters the electromagnetic state of the electron,Its momentum becomes highly uncertain because of the Heisenberg uncertainty principle,q3_c
17,7,Why does a compass point north?,"Your compass points to magnetic north — which is not the same as true north, and the difference changes every single year.",https://elevatestemdaily.github.io/elevate-stem-daily-lessons/lessons/class-7/t8kp8djf12.html,Earth's magnetic poles have flipped hundreds of times in history. What would happen to modern navigation if they flipped again today?,What is the main reason a compass needle always points toward magnetic north?,"The Earth behaves like a giant magnet, and the compass needle aligns with Earth's magnetic field lines.",The North Star exerts a gravitational pull on the iron in compass needles pointing them northward.,Compass needles are electrically charged and are attracted to the cold air found at the North Pole.,q1_a,Why is understanding Earth's magnetic field more useful than simply knowing a compass points north?,"A compass always points to true geographic north, so the magnetic field plays no role.",A mechanism explains the cause-and-effect chain and allows prediction in new situations.,"Magnetic fields are invisible and cannot be detected, so they are not useful to study.",q2_b,"If you placed a compass near a strong iron bar magnet, what would you predict would happen?",The compass would stop working because the iron would absorb all magnetic fields nearby.,The compass needle would point toward geographic north even more accurately near the magnet.,The compass needle would be deflected from north and point toward the bar magnet's poles instead.,q3_c
17,8,Why does fire need oxygen?,Fire is not a substance — it's a rapid chemical reaction that exists only as long as it can keep stealing oxygen.,https://elevatestemdaily.github.io/elevate-stem-daily-lessons/lessons/class-8/vfc9be36ae.html,Fire behaves differently in microgravity than on Earth. What does that mean for fire safety on spacecraft and space stations?,Why is oxygen essential for fire to burn?,"Oxygen reacts with fuel in combustion, releasing heat and light energy",Oxygen cools the fuel so it does not overheat and extinguish itself,Oxygen carries the flame from one fuel molecule to the next by conduction,q1_a,Why is understanding combustion mechanism more useful than knowing fire needs oxygen?,Knowing fire needs oxygen is enough to understand all fire safety situations,"It helps predict what conditions will start, sustain, or extinguish a fire","Combustion mechanisms only apply to wood fires, not to gas or liquid fuels",q2_b,"If all oxygen were removed from around a burning candle, what would you predict?",The candle would burn more slowly but continue for several more minutes,The flame would get smaller but stabilise once it adapts to lower oxygen,The flame would go out immediately because combustion cannot continue,q3_c
17,9,How does your brain communicate with your body?,Your brain sends 86 billion simultaneous signals right now — and you're not consciously aware of a single one.,https://elevatestemdaily.github.io/elevate-stem-daily-lessons/lessons/class-9/v8rrmzd2vv.html,"If a drug could block pain signals without blocking motor or sensory signals, how would that change surgery and recovery?",How does the brain send signals to muscles and organs throughout the body?,The brain sends electrical impulses along nerve cells through the nervous system to target organs,The brain releases chemicals directly into the bloodstream that travel to all cells simultaneously,The brain uses magnetic fields to remotely control muscle fibres without any physical connection,q1_a,Why is understanding the mechanism of nerve signal transmission more useful than knowing the brain controls the body?,Understanding control is enough; transmission details are only relevant to neurologists,A mechanism explains cause-and-effect and allows prediction in new situations,Nerve transmission is too complex for Class 9 so simplified descriptions are more practical,q2_b,"If a nerve pathway between the brain and a limb were damaged, what would you predict?",The brain would find an alternative magnetic route to continue controlling the limb,The limb would generate its own electrical signals to compensate for the lost connection,"Signals could not travel to the limb, causing loss of movement or sensation in that area",q3_c
17,10,How do hormones control the body?,"One tiny gland controls hormones governing your growth, stress, sleep, and metabolism — all from a space the size of a pea.",https://elevatestemdaily.github.io/elevate-stem-daily-lessons/lessons/class-10/rorotwz40o.html,Hormone therapy can shift secondary sex characteristics. What does that tell us about the role of chemistry versus genetics in body development?,How do hormones communicate between organs in the body?,Hormones travel through the bloodstream and bind to specific target cell receptors,Hormones travel through nerves and activate cells by direct electrical contact,Hormones are solid particles stored in organs and released as powder into blood,q1_a,Why is understanding the hormone receptor mechanism more useful than knowing hormones regulate the body?,Because all hormones bind to the same receptor so specificity does not matter,The mechanism explains why a hormone affects one organ but not all cells equally,Because the mechanism proves hormones only work in humans and higher mammals,q2_b,What would happen if the pancreas stopped producing insulin?,Blood sugar would fall to zero because the body would stop producing glucose,Blood sugar regulation would improve as the body would use alternative pathways,"Blood glucose would rise uncontrolled, leading to diabetes mellitus symptoms",q3_c
17,11,Entropy: why time seems to have a direction,Why can you scramble an egg but never unscramble it? The answer is the same reason time seems to flow only forward.,https://elevatestemdaily.github.io/elevate-stem-daily-lessons/lessons/class-11/z01k7wq7uj.html,"Living cells maintain low entropy by constantly expending energy. If that energy supply stopped, how quickly would order break down?",What is entropy a measure of in thermodynamics?,The degree of disorder or number of possible microstates in a system,The total amount of thermal energy stored in a system at absolute zero,The rate at which a system converts kinetic energy into potential energy,q1_a,Why does increasing entropy explain why time appears to move in one direction?,Entropy creates electrical gradients that drive molecular clocks in all organisms,"Entropy always increases spontaneously, so disordered states are overwhelmingly more probable than ordered ones","Entropy decreases in living systems, causing them to experience time backwards",q2_b,"If you watched a video of a glass shattering in reverse, why would it appear unnatural?","Glass pieces cannot move without external force, so the video must be manipulated","Sound waves from shattering would need to reverse direction, which is technically possible","The reverse video shows entropy decreasing, which never occurs spontaneously in isolated systems",q3_c
17,12,What does the uncertainty principle actually mean?,"The more precisely you know where a particle is, the less precisely you can know how fast it moves. This isn't error — it's reality.",https://elevatestemdaily.github.io/elevate-stem-daily-lessons/lessons/class-12/dkvfxhwldr.html,"Electron microscopes use electron waves, not light, to see atoms. What other quantum properties might we exploit for imaging?",What does Heisenberg's uncertainty principle state?,"Precisely knowing position makes momentum fundamentally unknowable, and vice versa",Scientific instruments always introduce measurement errors due to friction,Electrons cannot be detected because they are too small for any device to measure,q1_a,"Why is the uncertainty principle a fundamental feature of nature, not just a measurement limitation?",It arises because quantum particles are too fast for modern instruments to track,"It reflects an intrinsic property of wave-like particles, not a limitation of instruments",It applies only at room temperature and disappears when particles are cooled,q2_b,"If Planck's constant were much smaller, what would happen to quantum uncertainty effects?","Uncertainty effects would grow larger, making everyday objects behave quantum mechanically",The uncertainty principle would apply only to photons and not to electrons,Quantum uncertainty effects would become negligible and the quantum world would resemble classical physics,q3_c
18,7,How do magnets work without touching?,A magnet can move an iron nail across a gap without touching it. What invisible structure in space makes that force possible?,https://elevatestemdaily.github.io/elevate-stem-daily-lessons/lessons/class-7/xqp416hjbi.html,Earth's magnetic field deflects solar wind that would otherwise strip our atmosphere. What would Earth look like without it?,What is the mechanism that allows magnets to attract or repel objects without physical contact?,Magnets create an invisible magnetic field in the surrounding space; objects within this field experience a force.,Magnets release tiny invisible particles called magnetons that physically push or pull on other objects.,Magnets attract objects by generating a static electric charge on their surface that grips metal.,q1_a,Why is understanding magnetic fields more useful than knowing that magnets attract iron?,"Magnets only attract iron, so the field concept is unnecessary for other materials.",A mechanism explains the cause-and-effect chain and allows prediction in new situations.,"Magnetic forces only work when magnets are in direct contact, so fields are not real.",q2_b,"If you increased the distance between two attracting magnets, what would you predict would happen to the force between them?",The force would stay the same because magnetic fields are uniform throughout space.,The force would increase because the magnetic field spreads out and becomes stronger farther away.,The force would decrease because the magnetic field becomes weaker with increasing distance.,q3_c
18,8,Why do metals conduct electricity?,"The electrons in a copper wire don't belong to any single atom — they roam freely, which is exactly what lets you switch on a light.",https://elevatestemdaily.github.io/elevate-stem-daily-lessons/lessons/class-8/t9dy6i7052.html,Superconductors conduct electricity with zero resistance at very cold temperatures. What would room-temperature superconductors change in energy?,What property of metals allows them to conduct electricity?,Metals have free electrons that move easily through the atomic lattice,"Metals are dense, so charge squeezes through the material under pressure",Metal atoms are positively charged and attract current from the source,q1_a,Why is knowing about free electrons more useful than just knowing metals conduct?,Knowing metals conduct is sufficient to design all electrical circuits,It predicts how temperature and impurities affect conductivity in metals,"Free electron theory only explains conductivity in copper, not all metals",q2_b,"If a metal were heated to very high temperature, what would you predict about its resistance?",Resistance would decrease because heat gives electrons more energy to move,Resistance would stay the same as temperature does not affect electrons,Resistance would increase because atomic vibrations disrupt electron flow,q3_c
18,9,What exactly is force?,"You can't see a force or hold one — but without forces, nothing in the universe would ever move or stop.",https://elevatestemdaily.github.io/elevate-stem-daily-lessons/lessons/class-9/zlukgbfmy5.html,"Four fundamental forces govern the universe. If any one of them were slightly stronger, what would the universe look like?",What is the correct scientific definition of force?,"Force is a push or pull that can change the state of motion, shape, or speed of an object",Force is the stored energy inside an object that is released when the object moves,Force is the weight of an object measured in kilograms on a standard balance,q1_a,Why is understanding how force produces change more useful than just defining force?,Definitions are only useful in theory while force calculations are only done by engineers,A mechanism explains cause-and-effect and allows prediction in new situations,Force is self-evident from everyday experience so no mechanism needs to be studied,q2_b,"If two equal forces acted on an object from opposite directions, what would you predict?",The object would accelerate rapidly because two forces are always stronger than one,The object would vibrate between the two forces with increasing frequency over time,The net force would be zero and the object would remain stationary or continue at constant velocity,q3_c
18,10,Why do we need reproduction?,Every living thing alive today has an unbroken chain of reproduction stretching back 3.8 billion years. Not one ancestor failed.,https://elevatestemdaily.github.io/elevate-stem-daily-lessons/lessons/class-10/o0da0wm9m6.html,Some organisms can reproduce asexually and sexually depending on conditions. Could humans ever develop a mechanism like that — and would we want one?,What is the primary biological purpose of reproduction?,Reproduction ensures continuation of a species by producing new individuals,Reproduction allows individual organisms to live longer by sharing resources,Reproduction increases the intelligence of offspring through genetic accumulation,q1_a,Why is understanding reproductive mechanisms more useful than just knowing species reproduce?,Because reproduction is a simple process that requires no scientific explanation,Mechanisms explain sexual versus asexual strategies and their evolutionary advantages,"Because all reproduction is identical across bacteria, plants and humans anyway",q2_b,What would happen to a species if all its members became infertile?,The species would adapt quickly by switching to asexual reproduction instead,The species would survive indefinitely because adults would still be alive,The species would become extinct once existing individuals died with no offspring,q3_c
18,11,What actually happens during a chemical reaction?,"Molecules don't gently blend — they collide violently, break apart, and reassemble into new structures. Every reaction is a demolition.",https://elevatestemdaily.github.io/elevate-stem-daily-lessons/lessons/class-11/eia8hxxscq.html,"Catalytic converters turn toxic car exhaust into harmless gases. If you could design a catalyst for any reaction, which would you choose?",What is activation energy in a chemical reaction?,The minimum energy required for reactant molecules to break old bonds and form new ones,The total energy released when all products are formed at the end of the reaction,The energy stored in the catalyst that is consumed during the reaction,q1_a,Why is understanding bond breaking and bond forming more useful than just knowing a reaction's equation?,Bond-level understanding removes the need for balanced chemical equations,"It reveals the cause-and-effect mechanism, allowing prediction of energy changes and reaction rates",Chemical equations are always incorrect and must be replaced by bond diagrams,q2_b,"If temperature is increased, what happens to the rate of most chemical reactions?",The rate decreases because higher temperature destabilises the transition state,The rate stays the same because reaction rate depends only on concentration,The rate increases because more molecules have enough energy to overcome activation energy,q3_c
18,12,How atoms produce spectral lines,Every element in the universe glows in a unique colour pattern — like a fingerprint of light. Astronomers read the stars this way.,https://elevatestemdaily.github.io/elevate-stem-daily-lessons/lessons/class-12/cdlgfgcnwg.html,Scientists discovered helium in the Sun's spectral lines before finding it on Earth. What other element might be waiting to be found this way?,Why do atoms emit light only at specific wavelengths?,"Electrons jump between fixed energy levels, releasing photons of precise energies",Atoms vibrate at natural frequencies that heat the surrounding air into glow,The nucleus emits gamma rays that are filtered into visible wavelengths by electrons,q1_a,Why does hydrogen's emission spectrum prove that electron energy levels are quantised?,"Hydrogen emits white light when heated, confirming a continuous energy spectrum",The discrete spectral lines match calculated energy differences between specific electron orbits,"Hydrogen's spectrum changes with temperature, disproving fixed energy levels entirely",q2_b,"If an atom absorbs a photon with energy exactly equal to the gap between two levels, what happens?",The photon is reflected because the atom cannot accept energy from outside,"The photon splits into two smaller photons, each exciting a separate electron","The electron jumps to the higher energy level, producing an absorption line in the spectrum",q3_c
19,7,Why does iron rust?,"Iron has been on Earth for 4.5 billion years, but rusting was only possible after oxygen appeared in the atmosphere.",https://elevatestemdaily.github.io/elevate-stem-daily-lessons/lessons/class-7/ss0v7m7ay1.html,Mars is red because of iron oxide on its surface. Does that mean Mars once had oxygen and liquid water — and what would that imply?,What is the chemical process that causes iron to rust?,"Iron reacts with oxygen and water in the environment to form iron oxide, commonly known as rust.","Iron absorbs carbon dioxide from the air, which breaks down its surface into a reddish powder.",Iron rusts because the heat from sunlight causes the metal atoms to break apart and turn red.,q1_a,Why is understanding the chemistry of rusting more useful than knowing that iron turns reddish-brown?,Rust is only a colour change and does not involve any chemical reaction.,A mechanism explains the cause-and-effect chain and allows prediction in new situations.,"Rusting happens only in coastal areas, so the mechanism is not generally applicable.",q2_b,"If you coated an iron nail with a layer of paint before leaving it outside, what would you predict?",The nail would rust faster because paint traps moisture against the iron surface.,The nail would rust from the inside outward because paint blocks oxygen from escaping.,The nail would rust much more slowly because paint prevents oxygen and water from reaching the iron.,q3_c
19,8,How is steel different from iron?,Iron is soft and brittle. Add a pinch of carbon — less than 2% — and you get steel strong enough to build skyscrapers.,https://elevatestemdaily.github.io/elevate-stem-daily-lessons/lessons/class-8/hsmevaunvl.html,Ancient smiths made better steel without understanding chemistry. What modern materials science technique might they have been unknowingly using?,What makes steel stronger than pure iron?,"Steel contains carbon atoms that fill gaps in the iron lattice, blocking dislocations","Steel is heated at higher temperatures, which permanently increases its density","Steel has fewer iron atoms per unit area, making it lighter and more flexible",q1_a,Why does understanding the iron-carbon structure matter more than knowing steel is stronger?,Knowing steel is stronger is sufficient for all construction and engineering,It allows metallurgists to predict how changing carbon content alters properties,"The structural difference only matters for high-carbon steel, not mild steel",q2_b,"If too much carbon were added to iron, what would you predict about the resulting material?",The material would become even stronger and more ductile than normal steel,"The extra carbon would be expelled as carbon dioxide, returning it to iron",The material would become very brittle and crack easily under stress,q3_c
19,9,Why do objects resist changes in motion?,An astronaut in space throws a ball — and it keeps moving forever. Nothing slows it down unless something pushes back.,https://elevatestemdaily.github.io/elevate-stem-daily-lessons/lessons/class-9/x3j09bxo22.html,"Inertia makes cars continue forward in a crash. If all vehicles had perfect inertia-cancellation systems, would we still need seatbelts?",What property of matter causes objects to resist changes in their state of motion?,Inertia is the tendency of an object to resist any change in its state of rest or uniform motion,Friction is the property that prevents all objects from moving unless pushed continuously,Gravity is the force that holds objects in place and resists any attempt to move them,q1_a,Why is understanding the mechanism of inertia more useful than just stating objects resist motion changes?,Inertia is obvious from daily life so the mechanism only matters in advanced physics courses,A mechanism explains cause-and-effect and allows prediction in new situations,The mechanism of inertia only applies to objects heavier than 1 kilogram in practice,q2_b,"If the mass of an object were doubled, what would you predict about its inertia?",Its inertia would decrease because heavier objects are harder to move so they stop sooner,Its inertia would stay exactly the same because inertia depends only on velocity,"Its inertia would double, requiring twice the force to produce the same change in motion",q3_c
19,10,How does an embryo develop?,"You started as a single cell with no organs, no limbs, no brain — yet every cell knew exactly what to become. How?",https://elevatestemdaily.github.io/elevate-stem-daily-lessons/lessons/class-10/2jyg2aagnp.html,"Stem cells can be programmed to become many cell types. If you could direct any cell to become any other, what would you grow first?",What drives embryo development from a single fertilised egg cell?,Cell division and differentiation guided by gene expression patterns create all organs,The embryo grows by absorbing fully formed organs from the mother's bloodstream,Embryo development is driven by electrical signals from the father's sperm DNA,q1_a,Why is understanding embryonic differentiation more useful than just knowing babies develop?,Because embryo development takes nine months so no mechanism is needed,"The mechanism explains birth defects, stem cell therapy and developmental disorders",Because all embryos follow different development paths with no shared mechanism,q2_b,What would happen if a critical developmental gene were switched off early in embryogenesis?,Development would continue normally because other genes always compensate immediately,"Only the embryo's colour pigmentation would change, leaving structure unaffected","A major organ or body structure could fail to form, causing developmental defects",q3_c
19,11,Chemical equilibrium,Some reactions don't go to completion — they reach a point where forward and backward processes happen at equal speed simultaneously.,https://elevatestemdaily.github.io/elevate-stem-daily-lessons/lessons/class-11/gffzkszdcm.html,The Haber process makes fertiliser using equilibrium chemistry yet consumes 2% of the world's energy. How might chemistry improve this?,What characterises a system that has reached chemical equilibrium?,"The forward and reverse reaction rates are equal, so net concentrations remain constant",All reactants have been completely converted into products and no reverse reaction occurs,The reaction has stopped entirely and no molecular collisions are taking place,q1_a,Why is Le Chatelier's principle more useful than just knowing equilibrium concentrations?,Le Chatelier's principle proves that equilibrium constants never change with temperature,It provides a cause-and-effect rule that predicts how equilibrium shifts when conditions change,Equilibrium concentrations are irrelevant; only reaction rates matter in industrial chemistry,q2_b,"If more product is added to a system at equilibrium, how does the equilibrium shift?",The equilibrium shifts toward more product to accommodate the addition,The equilibrium remains unchanged because product concentration does not affect balance,The equilibrium shifts toward reactants to reduce the excess product concentration,q3_c
19,12,Nuclear energy: what happens inside the nucleus?,Splitting one uranium nucleus releases millions of times more energy than burning one carbon atom. The difference is where the energy is stored.,https://elevatestemdaily.github.io/elevate-stem-daily-lessons/lessons/class-12/4h88ad0vu2.html,Nuclear fusion — the energy of the Sun — has never been commercially achieved. What would successful fusion energy mean for civilisation?,Why does nuclear fission release enormous amounts of energy?,Splitting a heavy nucleus releases binding energy as products have less mass than the original,Electrons are stripped from atoms and their electrical energy is converted to heat,Chemical bonds in uranium molecules break and release stored chemical energy,q1_a,Why is binding energy per nucleon important for understanding nuclear stability?,Higher binding energy per nucleon means the nucleus is less stable and decays faster,Higher binding energy per nucleon means more energy is needed to pull the nucleus apart,It determines the maximum atomic mass of any stable element in the periodic table,q2_b,"If uranium-235 absorbs a neutron and undergoes fission, what is released?","Two protons and an alpha particle, which then decay slowly into lead isotopes",Only gamma radiation and no additional particles that could trigger further fissions,"Two or three neutrons that can trigger further fissions, enabling a chain reaction",q3_c
20,7,What happens when food is digested?,"By the time food becomes energy, it has travelled nearly 9 metres through your body and been chemically rebuilt three times over.",https://elevatestemdaily.github.io/elevate-stem-daily-lessons/lessons/class-7/jngpsvxtjb.html,"If scientists could design artificial enzymes for humans to digest any substance, what would you most want to be able to break down?",What is the main process that happens when food is digested in the body?,Large food molecules are broken down by enzymes and acids into small nutrients that can be absorbed into the blood.,Food is burned by stomach heat to release energy directly into the muscles.,Food is compressed by the stomach into a liquid form that the body uses as fuel without chemical change.,q1_a,Why is understanding the enzyme-driven mechanism of digestion more useful than knowing food gets broken down?,"Food is digested by heat alone, so enzymes play no role in the process.",A mechanism explains the cause-and-effect chain and allows prediction in new situations.,"Digestion is identical in all animals, so studying the mechanism adds no new knowledge.",q2_b,"If a person's body could not produce the enzyme amylase, what would you predict about their digestion of starch?",Starch would be digested faster because the body would use acids instead of enzymes.,The person would absorb more starch directly through the stomach wall without breaking it down.,"Starch would not be broken down into sugars, causing poor absorption of carbohydrate energy.",q3_c
20,8,Plastics: miracle material or environmental problem?,Plastic has existed for less than 100 years — but some of it will outlast every structure humans have ever built.,https://elevatestemdaily.github.io/elevate-stem-daily-lessons/lessons/class-8/jdohfs6dai.html,"If a bacterium were engineered to eat all forms of plastic, what problems could it solve and what unintended risks might follow?",What is the main reason plastics persist so long in the environment?,Most plastics are non-biodegradable polymers that microbes cannot break down,Plastics contain toxins that kill the bacteria needed to decompose them,Plastics are always coated with wax that prevents moisture from entering,q1_a,Why is understanding the chemistry of plastic degradation important?,Knowing plastic lasts long is sufficient for all environmental planning,It guides development of biodegradable alternatives and recycling strategies,"Degradation chemistry only matters for single-use plastics, not durable ones",q2_b,"If a biodegradable plastic were designed using natural polymers, what would you predict?",It would last longer than regular plastic because natural polymers are stronger,Microbes would still be unable to break it down because the shape is similar,"Microbes could break it down naturally, reducing long-term environmental pollution",q3_c
20,9,How does gravity actually work?,"Gravity pulls every mass toward every other mass — including your coffee cup, which is pulling on the Sun right now.",https://elevatestemdaily.github.io/elevate-stem-daily-lessons/lessons/class-9/yvg9rxh6xw.html,"General relativity says gravity curves spacetime. If spacetime were a visible fabric you could touch, how would it look near a black hole?",What correctly describes Newton's law of universal gravitation?,Every object with mass attracts every other mass; force increases with mass and decreases with distance squared,"Gravity only acts between planets and stars, not between smaller everyday objects around us",Gravity is a magnetic force produced by the iron core of large objects like Earth,q1_a,Why is understanding the mechanism of gravity more useful than just knowing objects fall?,Falling is an obvious observation so no further explanation is needed beyond daily experience,A mechanism explains cause-and-effect and allows prediction in new situations,"Gravity mechanism is only needed by astronauts and satellite engineers, not students",q2_b,"If the distance between two objects were tripled, what would happen to the gravitational force between them?",The gravitational force would decrease to one-third of its original value,The gravitational force would increase because larger distances allow gravity to build up,The gravitational force would decrease to one-ninth of its original value,q3_c
20,10,What causes genetic diseases?,One wrong letter in 3 billion can cause a disease that affects you for life. DNA is powerful — and astonishingly fragile.,https://elevatestemdaily.github.io/elevate-stem-daily-lessons/lessons/class-10/fec3e5vxz4.html,Gene therapy now corrects faulty DNA in some genetic diseases. What does editing the genome of future generations mean ethically?,What is the direct cause of most genetic diseases?,"Mutations or inherited faulty alleles alter the DNA sequence, disrupting normal gene function",Genetic diseases are caused by poor diet that chemically damages chromosomes,Genetic diseases result from viruses permanently rewriting large sections of DNA,q1_a,Why is understanding inheritance mechanisms more useful than just listing genetic diseases?,Because all genetic diseases are untreatable so understanding them serves no purpose,Knowing inheritance patterns predicts disease risk and informs genetic counselling,Because genetic diseases only occur randomly and no pattern can be identified,q2_b,What would happen if both parents carry one copy of a recessive disease gene?,All children would be healthy because recessive genes are always masked,No children would carry the gene since parents are merely carriers,Each child would have a 25% chance of inheriting two copies and showing the disease,q3_c
20,11,Why pH matters to life,"Your blood maintains a pH of exactly 7.4 — and your kidneys, lungs, and blood work simultaneously every second to keep it there.",https://elevatestemdaily.github.io/elevate-stem-daily-lessons/lessons/class-11/frozxywysm.html,"Ocean pH is dropping because of CO2 absorption. Which marine species are most sensitive, and what does that mean for the food chain?",What does the pH scale measure in a solution?,"The concentration of hydrogen ions (H+), indicating acidity or alkalinity",The total number of dissolved molecules regardless of their charge,The temperature at which a solution transitions from acidic to neutral,q1_a,Why is maintaining pH within a narrow range more important to life than overall solute concentration?,Solute concentration has no effect on enzyme function or cellular processes,"pH directly affects enzyme shape and activity, so even small changes disrupt biological reactions","Narrow pH ranges prevent oxygen from dissolving in blood, which is essential for life",q2_b,"If blood pH dropped from 7.4 to 6.9, what would most likely happen to enzyme activity?",Enzyme activity would increase because acidic conditions accelerate protein folding,Enzyme activity would remain the same since enzymes are resistant to pH changes,Enzyme activity would be severely disrupted because altered H+ concentration denatures enzyme structure,q3_c
20,12,How nuclear reactors work,"A single kilogram of uranium contains as much energy as 3,000 tonnes of coal — and the reaction can be controlled precisely.",https://elevatestemdaily.github.io/elevate-stem-daily-lessons/lessons/class-12/eo8pw595jj.html,"Small modular reactors could fit on ships or in remote villages. If nuclear power became this portable, how would global energy access change?",What is the role of a moderator in a nuclear reactor?,It slows fast neutrons to thermal energies so they can trigger further fissions,It absorbs all neutrons to prevent the chain reaction from going critical,It converts the heat from fission directly into electrical current,q1_a,Why are control rods essential for safe reactor operation?,They generate additional neutrons to boost power output when demand increases,They absorb excess neutrons to regulate the fission rate and prevent runaway reactions,They reflect neutrons back into the fuel to increase the efficiency of the moderator,q2_b,"If control rods are fully inserted into a reactor core, what happens to the chain reaction?",The reaction accelerates because the rods reflect more neutrons back into the fuel,The reaction rate stays the same because fuel quantity is the only controlling factor,The chain reaction slows and stops because the rods absorb most of the available neutrons,q3_c
21,7,How do vaccines teach the immune system?,"A vaccine doesn't protect you today — it programs your immune system to protect you in the future, against an enemy it has never met.",https://elevatestemdaily.github.io/elevate-stem-daily-lessons/lessons/class-7/kr8jhvs7f9.html,mRNA vaccines were developed faster than any vaccine in history. What diseases are now realistic vaccine targets that weren't before?,What is the mechanism by which vaccines protect a person against disease?,"A vaccine introduces a harmless form of a pathogen, training the immune system to produce antibodies before real infection occurs.",Vaccines inject chemical antibiotics that remain in the blood and kill any invading bacteria or viruses.,Vaccines strengthen the skin barrier to prevent viruses from entering the body through cuts.,q1_a,Why is understanding how the immune system is trained by vaccines more useful than knowing vaccines prevent disease?,"Vaccines work instantly and permanently, so the training mechanism does not matter.",A mechanism explains the cause-and-effect chain and allows prediction in new situations.,The immune system destroys all vaccines before they can have any effect on the body.,q2_b,"If a vaccine only produced a very weak immune response, what would you predict about protection against the real disease?",The person would be fully protected because even a small number of antibodies is enough.,The person would become immune faster because a weak response is less tiring for the body.,The person would have inadequate protection because too few antibodies would be available to fight the real infection.,q3_c
21,8,How do crops get nitrogen?,Nitrogen makes up 78% of the air you breathe — yet crops are starving for it. Why can't they just use the air around them?,https://elevatestemdaily.github.io/elevate-stem-daily-lessons/lessons/class-8/nh5lfj9dcg.html,Synthetic nitrogen fertiliser feeds half the world but pollutes waterways. Is there a biological alternative that could do the same job?,How do most crops obtain the nitrogen they need to grow?,"Nitrogen is absorbed from soil as nitrates via roots, often aided by bacteria",Crops absorb nitrogen gas directly from the air through their leaves,Nitrogen enters plants through photosynthesis when sunlight splits nitrogen gas,q1_a,Why is understanding the nitrogen cycle mechanism more useful than knowing plants need nitrogen?,Knowing plants need nitrogen is enough to manage all farmland effectively,It explains why crop rotation and fertilisers improve agricultural yields,"Nitrogen mechanisms only matter for legumes, not for grains like wheat",q2_b,"If nitrogen-fixing bacteria were removed from the soil, what would you predict?",Plants would absorb more atmospheric nitrogen to compensate for the loss,Soil nitrogen levels would stay constant as rainfall deposits enough nitrogen,Soil nitrogen levels would drop and crops would suffer from nitrogen deficiency,q3_c
21,9,Why does the Moon orbit Earth?,The Moon is falling toward Earth right now — and has been for 4.5 billion years. What keeps it from ever landing?,https://elevatestemdaily.github.io/elevate-stem-daily-lessons/lessons/class-9/a9mq3abzys.html,"The Moon slows Earth's rotation by a tiny amount each year. Billions of years from now, what would Earth's days look like?",What keeps the Moon in its orbit around Earth rather than flying off into space?,"Earth's gravity continuously pulls the Moon inward, acting as the centripetal force that maintains its orbit",The Moon is held in orbit by the magnetic field generated by Earth's molten iron core,The Moon stays in orbit because it moves at exactly the speed where friction from space balances its motion,q1_a,Why is understanding the gravitational mechanism of orbit more useful than just knowing the Moon circles Earth?,"Orbital facts are static knowledge that never changes, so no mechanism is needed",A mechanism explains cause-and-effect and allows prediction in new situations,The Moon's orbit was calculated by computers and cannot be understood through basic mechanisms,q2_b,"If the Moon's orbital speed were suddenly increased significantly, what would you predict?",The Moon would move into a lower orbit closer to Earth because faster speed creates more drag,The Moon would remain in exactly the same orbit because orbital paths are fixed by distance,The Moon would move into a higher orbit or escape Earth's gravity entirely,q3_c
21,10,Electricity: what is actually moving?,Electricity travels at close to the speed of light through wires — but individual electrons move slower than a slow crawl.,https://elevatestemdaily.github.io/elevate-stem-daily-lessons/lessons/class-10/r5rmq9tlh2.html,"If all electrical conductors moved electrons 10 times faster, what would change first in technology?",What actually moves through a metal wire when electric current flows?,Free electrons drift through the metal lattice from the negative to positive terminal,Protons jump between atoms in the direction of conventional current flow,Positively charged ions flow through gaps in the crystal lattice structure,q1_a,Why is understanding electron drift more useful than just knowing current flows?,Because knowing current flows is enough to design any electrical circuit,"Electron drift explains resistance, heating effects and why insulators block current",Because electron drift only applies in DC circuits and not in household AC supply,q2_b,What would happen to current flow if the conductor's free electron density were halved?,Current would double because fewer electrons move faster through the wire,"Current would remain unchanged because voltage, not electron count, determines current",Current carrying capacity would reduce as fewer electrons are available to drift,q3_c
21,11,The architecture of the living cell,"A cell isn't just a bag of chemicals — it's a city with factories, highways, power plants, and a central archive. All in a speck.",https://elevatestemdaily.github.io/elevate-stem-daily-lessons/lessons/class-11/q640g1doet.html,Synthetic cells with artificial membranes have been built in labs. What is the minimum function set that makes something a living cell?,What is the primary function of the cell membrane?,Selectively permeable barrier that controls what enters and exits the cell,Rigid wall that provides mechanical support and prevents all molecular exchange,Site of protein synthesis where ribosomes translate genetic information,q1_a,Why is understanding organelle specialisation more useful than simply listing their names?,Organelle names are universal identifiers that require no functional understanding,Specialisation reveals the cause-and-effect link between structure and cell function,"Organelles all perform identical functions, so only quantity matters for cell health",q2_b,"If a cell's mitochondria were removed, what would happen to its energy production?",Energy production would increase because the cell would switch to a more efficient pathway,Energy production would be unaffected since mitochondria are not involved in ATP synthesis,Energy production would drop drastically because mitochondria are the main site of aerobic ATP synthesis,q3_c
21,12,Semiconductor physics,"The chip in your phone contains billions of transistors, each the size of a few atoms. Silicon makes all of it possible.",https://elevatestemdaily.github.io/elevate-stem-daily-lessons/lessons/class-12/yjpj61vngp.html,"Silicon-based chips are approaching physical limits. What material might replace silicon, and what properties would the ideal semiconductor need?",What distinguishes a semiconductor from a conductor and an insulator?,Its conductivity lies between conductors and insulators and increases with temperature,It conducts electricity only in one direction like a one-way valve,It stores charge like a capacitor and releases it in bursts of current,q1_a,Why does doping a semiconductor with pentavalent atoms create an n-type material?,Pentavalent atoms have fewer electrons than silicon and create positive holes,"Pentavalent atoms introduce an extra electron not needed for covalent bonds, adding free carriers","Pentavalent dopants attract electrons from neighbouring atoms, removing free carriers",q2_b,"If temperature of an intrinsic semiconductor is increased, what happens to its conductivity?",Conductivity decreases because heat causes lattice vibrations that block electron flow,Conductivity stays constant because intrinsic carriers are fixed by the crystal structure,Conductivity increases because more electron-hole pairs are thermally generated across the band gap,q3_c
22,7,Why do we get fever?,Your body deliberately makes itself hotter when infected. That sounds like self-harm — but it's actually a survival strategy.,https://elevatestemdaily.github.io/elevate-stem-daily-lessons/lessons/class-7/yrfa4a28qi.html,Poikilothermic animals like lizards cannot generate fever. How does that affect their ability to fight infections compared to mammals?,What is the main biological reason the body produces a fever when infected?,The immune system raises body temperature to slow the growth of pathogens and speed up immune cell activity.,"Fever is caused by the body burning extra calories to produce antibodies, releasing heat as a by-product.",White blood cells generate fever to signal the brain to stop all normal body functions temporarily.,q1_a,Why is understanding the purpose of fever more useful than knowing that body temperature rises during illness?,"Fever is always harmful and has no useful purpose, so there is no beneficial mechanism.",A mechanism explains the cause-and-effect chain and allows prediction in new situations.,Fever is caused only by environmental heat and has nothing to do with the immune system.,q2_b,"If a patient's fever became dangerously high (above 41°C), what would you predict about the risk to the body?","An extremely high fever would kill all pathogens instantly, curing the infection permanently.",A very high fever would boost the immune response so strongly that the body heals in hours.,An extremely high fever could damage brain cells and other tissues because proteins start to denature above safe temperatures.,q3_c
22,8,Why are some animals disappearing?,"Species are going extinct 1,000 times faster than the natural background rate. The cause is not a meteor — it's us.",https://elevatestemdaily.github.io/elevate-stem-daily-lessons/lessons/class-8/yhyptysppz.html,"Woolly mammoths could potentially be genetically revived. If de-extinction became reliable, which extinct species should — or shouldn't — be brought back?",What is the leading cause of animal species becoming endangered today?,Habitat destruction reduces living space and food sources for wildlife,Genetic mutations are making animals less able to survive natural conditions,Competition between species has recently increased due to climate cooling,q1_a,Why is understanding extinction mechanisms more useful than listing endangered species?,Species lists are sufficient to plan all conservation efforts worldwide,Mechanisms help conservationists target the root causes and reverse decline,"Extinction mechanisms only apply to large mammals, not insects or plants",q2_b,"If a keystone species disappeared from an ecosystem, what would you predict?",Other species would quickly evolve to fill the role and restore balance,Only the immediate prey species would be affected; predators would adapt,"Multiple species that depended on it would decline, disrupting the ecosystem",q3_c
22,9,Energy: where does it go?,No energy ever disappears — it just keeps transforming. The heat from your typing fingers was once light from a star.,https://elevatestemdaily.github.io/elevate-stem-daily-lessons/lessons/class-9/z9vlcynilv.html,Every energy transformation loses some energy as heat. What would a civilisation look like that captured and reused waste heat perfectly?,What does the law of conservation of energy state about energy in a closed system?,Energy cannot be created or destroyed; it can only be transferred or converted from one form to another,Energy decreases slightly in every process due to natural losses that cannot be recovered,Energy is created by burning fuel and destroyed when it is absorbed by a cold object,q1_a,Why is understanding where energy goes in a process more useful than just knowing energy is conserved?,"Conservation is a law, so it applies automatically without needing detailed understanding",A mechanism explains cause-and-effect and allows prediction in new situations,Energy tracking is only needed for electrical engineering and not for general science,q2_b,"If useful mechanical energy in a machine were reduced, where would you predict the lost energy goes?",The energy would disappear permanently because machines cannot recover all stored energy,The energy would be stored in the machine's structure as elastic potential energy reserves,"The energy would be converted to heat through friction or air resistance, not destroyed",q3_c
22,10,Why does resistance occur?,All wires resist electricity — which is why your charger gets warm. Understanding why reveals hidden physics inside metals.,https://elevatestemdaily.github.io/elevate-stem-daily-lessons/lessons/class-10/3yf0z76cln.html,Superconductors have zero resistance but only at very cold temperatures. What would zero-resistance wires at room temperature mean for power grids?,What causes electrical resistance in a conductor?,"Electrons collide with metal ions in the lattice, losing energy with each collision",Resistance is caused by electrons repelling each other and slowing each other down,Resistance occurs because positive current flows opposite to electron movement,q1_a,Why is understanding resistance mechanism more useful than just applying Ohm's Law?,Because Ohm's Law only works for resistors and never for real-world conductors,The mechanism explains why resistance increases with temperature and length of wire,Because Ohm's Law requires no mechanism since it is purely mathematical,q2_b,What would happen to a wire's resistance if its temperature increased significantly?,Resistance would decrease because hot metals become better electrical conductors,Resistance would remain the same because temperature only affects mechanical properties,Resistance would increase because ions vibrate more and block electron flow more,q3_c
22,11,How enzymes accelerate life,"Without enzymes, the chemical reactions keeping you alive would take years instead of milliseconds. They are the invisible machinery of life.",https://elevatestemdaily.github.io/elevate-stem-daily-lessons/lessons/class-11/uh5mlg4avk.html,"Enzymes are being engineered to break down ocean plastic. If you could design an enzyme for any real-world problem, what would you target?",How do enzymes speed up biochemical reactions?,By lowering the activation energy needed for the reaction to proceed,By providing additional energy from their own molecular bonds to drive reactions,By permanently bonding to substrates and preventing their reverse conversion,q1_a,Why is understanding the enzyme-substrate specificity model more useful than knowing reaction rates?,Specificity models predict reaction rates without requiring any experimental data,It explains the cause-and-effect mechanism that predicts which reactions enzymes will catalyse,Reaction rates are always identical for all enzymes regardless of substrate type,q2_b,"If an enzyme is heated above its optimal temperature, what happens to its catalytic activity?",Activity increases permanently because high temperature increases molecular kinetic energy,Activity remains stable as enzymes are made of heat-resistant inorganic minerals,"Activity drops sharply because heat denatures the enzyme's shape, preventing substrate binding",q3_c
22,12,How a transistor works,"Every video game, every AI decision, every text message — all executed by billions of tiny on-off switches called transistors.",https://elevatestemdaily.github.io/elevate-stem-daily-lessons/lessons/class-12/utg0rhv2wr.html,"Transistors are approaching atomic scale. When they can shrink no further, what computing paradigm might replace or supplement them?",What is the fundamental function of a transistor in electronic circuits?,To amplify or switch signals; a small base current controls a much larger collector current,To store electrical charge and release it slowly through a load resistor,To convert AC signals into DC by allowing current in only one direction,q1_a,Why does a small base current control a much larger collector current in a BJT?,The collector is made of superconducting material that amplifies any incoming signal,The base current injects minority carriers that dramatically widen the depletion region,"Minority carriers injected at the thin base diffuse to the collector, controlling the larger current flow",q2_c,"If the base of an NPN transistor receives no current, what happens to the collector circuit?",Maximum collector current flows because the base-emitter junction becomes forward biased,The collector current reverses direction and flows from emitter to collector,The transistor is cut off and virtually no current flows through the collector circuit,q3_c
23,7,How do forests create rain?,Forests don't just need rain — they actively create it. Cut them down and entire regional weather systems can change.,https://elevatestemdaily.github.io/elevate-stem-daily-lessons/lessons/class-7/mgd07ve5pu.html,"If artificial trees could perform transpiration at scale, could they restore rainfall to regions that have already been desertified?",What is the main mechanism by which forests contribute to rainfall?,"Trees release water vapour through transpiration; this vapour rises, cools, and condenses to form clouds that produce rain.",Forest soil absorbs rainwater and then shoots it upward as water vapour through tiny root pores.,Trees attract rain clouds magnetically because their tall canopies create an electrical charge in the atmosphere.,q1_a,Why is understanding the transpiration-precipitation cycle more useful than knowing forests produce rain?,Rain is produced only by the ocean; forests have no effect on rainfall at all.,A mechanism explains the cause-and-effect chain and allows prediction in new situations.,"All vegetation produces identical amounts of water vapour, so forests are not special.",q2_b,"If a large forest were completely cut down, what would you predict would happen to the local rainfall over time?",Rainfall would increase because bare land absorbs more solar energy and heats the air more.,Rainfall would remain unchanged because clouds form independently of the vegetation below them.,Rainfall would decrease because less transpiration means less water vapour available to form clouds.,q3_c
23,8,How does a food chain work?,Every bite you've ever taken connects you through a chain of predators and prey stretching back to the first photosynthesiser on Earth.,https://elevatestemdaily.github.io/elevate-stem-daily-lessons/lessons/class-8/95nhkor63p.html,Energy is lost at each step of a food chain. What dietary shift by humans would free up the most energy in the global food system?,What does a food chain show about energy in an ecosystem?,A food chain shows how energy and nutrients are transferred from producers to consumers,A food chain shows the physical paths animals travel when searching for food,A food chain records the order in which animals appeared during evolution,q1_a,Why is understanding energy transfer in a food chain useful?,Knowing which animals eat which others is sufficient for ecology studies,It helps predict population sizes and the impact of removing one species,"Energy transfer only matters in marine food chains, not terrestrial ones",q2_b,"If all herbivores in a food chain disappeared, what would you predict?",Carnivores would switch directly to eating plants and survive without issue,Plant populations would decrease because herbivores provide essential nutrients,"Carnivores would lose their food source and decline, while plants overgrew",q3_c
23,9,How does a roller coaster convert energy?,Roller coasters need no engine after the first hill — all the thrills come from borrowed height and the laws of physics alone.,https://elevatestemdaily.github.io/elevate-stem-daily-lessons/lessons/class-9/eqrimq2yvb.html,"If roller coasters could recover all their kinetic energy at the end and reuse it for the next launch, how would their design change?",What energy conversion occurs when a roller coaster moves from the top of a hill to the bottom?,Gravitational potential energy converts to kinetic energy as the coaster descends and accelerates,Chemical energy from the motors converts to electrical energy that drives the coaster downward,Thermal energy from friction is converted into kinetic energy that increases the coaster's speed,q1_a,Why is understanding the energy conversion mechanism more useful than just knowing coasters go fast?,Speed is already obvious from riding a coaster so no scientific explanation is needed,A mechanism explains cause-and-effect and allows prediction in new situations,"Energy conversion is only relevant when designing roller coasters, not for general learning",q2_b,"If a roller coaster hill were made twice as high, what would you predict about its speed at the bottom?",Speed would be exactly twice as high because height and speed have a direct linear relationship,Speed would be unchanged because the coaster mass stays constant regardless of height,"Speed would be greater but less than double because kinetic energy scales with height, not speed directly",q3_c
23,10,How does household electricity work?,The electricity powering your home changes direction 50 times every second — and your appliances don't notice at all.,https://elevatestemdaily.github.io/elevate-stem-daily-lessons/lessons/class-10/bagipb0c60.html,"If every home generated its own electricity and fed surplus to neighbours, what would disappear from the world's energy landscape?",What type of current is used in household electricity and why?,Alternating current (AC) is used because it can be transmitted efficiently over long distances,Direct current (DC) is used in homes because it is safer than alternating current,Pulsed current is used in homes because it reduces energy loss in appliances,q1_a,Why is understanding AC supply and earthing more useful than just knowing plugs have three pins?,Because all countries use the same plug type so mechanism is universal everywhere,"The mechanism explains live, neutral and earth roles and how fuses protect circuits",Because understanding AC means you can always repair electrical faults without tools,q2_b,What would happen to household appliances if supply voltage suddenly doubled?,Appliances would work better because more voltage provides more useful energy,Appliances would switch to safe mode automatically using built-in regulators,"Excess current would flow through appliances, potentially burning out components",q3_c
23,11,Cellular respiration,"Every time you breathe in, a chain of chemical events begins that ends with you being able to think, move, and stay warm.",https://elevatestemdaily.github.io/elevate-stem-daily-lessons/lessons/class-11/q56o6k2z2j.html,"Cancer cells preferentially use anaerobic respiration even when oxygen is available. If we could force them back to aerobic, would they die?",What is the overall equation for aerobic cellular respiration?,"Glucose + oxygen produces carbon dioxide, water, and ATP energy",Carbon dioxide + water produce glucose and oxygen using ATP energy,Glucose + nitrogen produces ammonia and water releasing chemical energy,q1_a,Why is understanding the three stages of aerobic respiration more useful than just knowing ATP is produced?,Knowing ATP quantity allows prediction of which stage generates the most heat,Understanding stages reveals the cause-and-effect mechanism that predicts efficiency and byproducts,"The three stages produce identical ATP amounts, so distinguishing them has no practical value",q2_b,"If oxygen supply to a muscle cell is cut off, what pathway does the cell switch to?",The cell switches to photosynthesis to produce its own glucose and oxygen,The cell continues aerobic respiration at a reduced rate using stored oxygen,"The cell switches to anaerobic respiration (lactic acid fermentation), producing far less ATP",q3_c
23,12,How computer chips are made,Modern chips are built using light to etch patterns smaller than a virus onto silicon — each chip holding billions of parts.,https://elevatestemdaily.github.io/elevate-stem-daily-lessons/lessons/class-12/sqlgntolgv.html,The smallest transistors now approach a few atoms in size. At what point does quantum mechanics prevent further miniaturisation?,What process is used to create transistor patterns on silicon wafers?,Photolithography uses light through a mask to etch circuit patterns into the silicon,Laser engraving directly burns transistor channels into the silicon surface,Chemical deposition grows transistor structures by adding layers of pure metal,q1_a,Why does reducing transistor size to nanometres improve chip performance?,"Smaller transistors need higher voltage to switch, producing faster signals",Larger transistors are physically stronger and resist heat damage better,"Smaller transistors switch faster, consume less power, and allow more per chip",q2_c,"If a chip manufacturer reduces transistor size below about 5 nm, what new challenge appears?",Transistors become too large to fit in the available silicon area of the wafer,Electron mobility drops to zero and the chip becomes a perfect insulator,"Quantum tunnelling causes electrons to leak through barriers, causing current leakage",q3_c
24,7,Why is the sky blue?,The sky has no colour of its own — yet it appears blue. The answer involves the same physics that makes sunsets red.,https://elevatestemdaily.github.io/elevate-stem-daily-lessons/lessons/class-7/vn837mm0il.html,"Mars has a pinkish sky instead of blue. If you terraformed Mars with a denser atmosphere, what colour would its sky become?",What is the main reason the sky appears blue during the day?,The atmosphere scatters blue light from sunlight more than other colours because blue has a shorter wavelength; this scattered blue light reaches our eyes from all directions.,"The sky reflects blue light from the oceans, which cover most of the Earth's surface.",Blue gas molecules in the upper atmosphere absorb all other colours of sunlight and emit only blue light.,q1_a,Why is understanding Rayleigh scattering more useful than just knowing the sky looks blue?,The sky is only blue in tropical countries; in other regions it is a different colour.,A mechanism explains the cause-and-effect chain and allows prediction in new situations.,"Light scattering is the same for all colours, so Rayleigh scattering explains nothing special.",q2_b,Why does the sky look red or orange during sunrise and sunset rather than blue?,The Sun produces more red light in the morning and evening because it is cooler at those times.,"Clouds reflect the orange colour of the ground, making the sky appear reddish near the horizon.","Sunlight travels through more atmosphere near the horizon, scattering away most blue light and leaving red and orange.",q3_c
24,8,What happens when an ecosystem loses one species?,Remove one species from an ecosystem and you may trigger a cascade that changes everything — including species that never touched the first.,https://elevatestemdaily.github.io/elevate-stem-daily-lessons/lessons/class-8/o047d35ee6.html,"If the humble bee went extinct, which human food crops would be most immediately and severely threatened?",What is a trophic cascade in an ecosystem?,When removing one species causes a chain reaction affecting many other species,When a new species enters and immediately occupies the top of the food chain,When flooding events rearrange species populations across large areas,q1_a,Why is understanding species interdependence more useful than knowing a species is gone?,Recording that a species is extinct is sufficient for ecological management,It allows scientists to predict and prevent collapse of entire ecosystems,"Interdependence only matters in tropical rainforests, not temperate ecosystems",q2_b,"If wolves were reintroduced to an ecosystem where they had been absent, what would you predict?",Only deer populations would be affected; all other species would be unchanged,Wolves would compete with herbivores directly and reduce plant diversity,"Deer populations would decline, allowing vegetation to recover along riverbanks",q3_c
24,9,Why can machines never be 100% efficient?,Every machine in history has wasted some energy — and thermodynamics proves this will never change. The universe has rules.,https://elevatestemdaily.github.io/elevate-stem-daily-lessons/lessons/class-9/d9fzy081w4.html,The most efficient machines still lose energy as heat. What would a world with genuinely zero energy waste actually look like?,Why is it impossible for any real machine to be 100% efficient?,All real machines lose some input energy as heat due to friction and other dissipative forces,Machines lose energy because their metal parts absorb electricity from the surrounding environment,Machines become less efficient over time because their parts gradually increase in mass,q1_a,Why is understanding the mechanism of energy loss more useful than just accepting that machines waste energy?,Accepting waste is practical engineering knowledge whereas mechanisms are purely theoretical,A mechanism explains cause-and-effect and allows prediction in new situations,The mechanism only applies to machines invented before 1900 and not to modern technology,q2_b,"If a machine's moving surfaces were lubricated to reduce friction, what would you predict about efficiency?",Efficiency would decrease because lubrication adds extra mass that requires more input energy,Efficiency would stay the same because friction losses are always replaced by electrical losses,Efficiency would increase because less energy would be converted to heat by friction,q3_c
24,10,How does an electric motor work?,"Electric motors don't burn fuel — they use invisible magnetic forces to spin metal. No combustion, no fumes, near-silent.",https://elevatestemdaily.github.io/elevate-stem-daily-lessons/lessons/class-10/8njl8d9j2z.html,"Regenerative braking uses motors as generators. If regenerative braking recovered 100% of energy, how would city driving change?",What is the core principle that makes an electric motor rotate?,"A current-carrying conductor in a magnetic field experiences a force, causing rotation",An electric motor rotates because alternating current creates a spinning voltage,The motor rotates because electrical charge accumulates on one side of the coil,q1_a,Why is understanding the force on a current-carrying conductor more useful than just knowing motors turn?,Because motors are now obsolete and have been replaced by digital actuators,"The mechanism explains motor speed control, direction reversal and torque production","Because the principle only applies to toy motors, not industrial electric motors",q2_b,What would happen to a motor's speed if the strength of the magnetic field were increased?,Speed would decrease because a stronger field creates more opposition to rotation,Speed would be unaffected because only voltage determines how fast a motor turns,Speed would increase because a stronger field exerts a greater force on the coil,q3_c
24,11,Photosynthesis: how plants capture sunlight,Plants convert sunlight into food at roughly 1% efficiency — yet they feed almost every living thing on Earth. Solar panels barely match that.,https://elevatestemdaily.github.io/elevate-stem-daily-lessons/lessons/class-11/s76kne5fl4.html,"If artificial photosynthesis could exceed the natural 1% efficiency, what might it produce that could replace fossil fuels?",In which two main stages does photosynthesis occur?,Light-dependent reactions in the thylakoid and the Calvin cycle in the stroma,Glycolysis in the cytoplasm and the Krebs cycle in the mitochondria,Chemiosmosis in the vacuole and enzyme activation in the cell wall,q1_a,Why is understanding the light and dark reactions separately more useful than simply saying plants use sunlight?,Separating the reactions proves that plants cannot survive without continuous daylight,It reveals how light energy is converted to chemical energy in each distinct stage,"Both stages are identical in function, so separating them has no scientific benefit",q2_b,"If carbon dioxide concentration around a plant is doubled, what would likely happen to the rate of photosynthesis?",Photosynthesis would stop because excess CO2 blocks the light-dependent reactions,Photosynthesis rate would be unaffected since CO2 plays no role in the Calvin cycle,Photosynthesis rate would increase because CO2 is a key Calvin cycle substrate,q3_c
24,12,How solar cells convert light into electricity,"Solar cells have no moving parts, no fuel, and produce no waste — powered by a star 150 million kilometres away.",https://elevatestemdaily.github.io/elevate-stem-daily-lessons/lessons/class-12/yq6vjiy5vv.html,Space-based solar panels could collect sunlight 24/7 without clouds. What engineering problems must you solve to beam that power to Earth?,What is the photovoltaic effect that makes solar cells work?,"Photons excite electrons across the p-n junction band gap, generating a current","Sunlight heats the silicon, which then produces current by the thermoelectric effect","Photons ionise gas inside the cell, which then conducts electricity to the circuit",q1_a,Why is the p-n junction essential to producing a useful current in a solar cell?,It blocks all current flow unless sunlight heats the junction above 100 degrees Celsius,The built-in electric field at the junction separates electron-hole pairs before they recombine,It converts photon wavelengths into electrons whose energy matches the load resistance,q2_b,"If photons with energy lower than the band gap of silicon strike a solar cell, what happens?",They generate twice as many electron-hole pairs through a two-photon absorption process,They are reflected off the anti-reflective coating and never enter the silicon material,They pass through without generating electron-hole pairs and contribute no electrical output,q3_c
25,7,How do clouds form?,Clouds weigh millions of tonnes — and they float. The physics of how water vapour becomes cloud is stranger than it looks.,https://elevatestemdaily.github.io/elevate-stem-daily-lessons/lessons/class-7/8whi01movd.html,"Cloud seeding already alters rainfall in some countries. If cloud formation could be fully controlled, who should decide the weather?",What is the mechanism by which clouds form in the atmosphere?,"Warm moist air rises, cools at higher altitudes, and water vapour condenses around tiny dust particles to form cloud droplets.",Clouds form when wind carries water directly from the ocean surface into the upper atmosphere as droplets.,Water vapour in the atmosphere becomes heavy enough to clump together into visible clouds without needing to cool down.,q1_a,Why is understanding condensation and cloud formation more useful than knowing that clouds are made of water?,"Clouds are made of ice crystals in all conditions, so condensation plays no role in cloud formation.",A mechanism explains the cause-and-effect chain and allows prediction in new situations.,Cloud formation cannot be predicted because weather is entirely random.,q2_b,"If there were no dust particles in the atmosphere at all, what would you predict about cloud formation?",Clouds would form faster because clean air allows water vapour to condense more easily.,Clouds would be larger and darker because pure water droplets contain more energy.,Cloud formation would be greatly reduced because water vapour needs particles as condensation nuclei to form droplets.,q3_c
25,8,How does rainwater become groundwater?,"The water you drink today may have fallen as rain 10,000 years ago and spent millennia filtering slowly through rock.",https://elevatestemdaily.github.io/elevate-stem-daily-lessons/lessons/class-8/gg5n9ulet7.html,"Aquifers worldwide are being depleted faster than they refill. If recharge could be artificially accelerated, what technologies and risks would be involved?",How does rainwater become groundwater stored underground?,Rainwater infiltrates through permeable soil and rock layers into aquifers,Rainwater is absorbed by tree roots and stored in underground hollow trunks,Rainwater evaporates and then condenses in underground caves as groundwater,q1_a,Why is understanding the infiltration mechanism more useful than knowing groundwater exists?,Knowing groundwater exists is sufficient for all water management decisions,It helps predict aquifer recharge rates and sustainable water extraction limits,"Infiltration only matters in sandy soils, not in clay-rich or rocky terrain",q2_b,"If forests covering a hillside were cleared, what would you predict about groundwater recharge?","More rain would reach the soil directly, increasing groundwater recharge",Groundwater levels would stay the same because rainfall amount is unchanged,"Surface runoff would increase and infiltration would decrease, reducing recharge",q3_c
25,9,How does sound travel?,"Whales can communicate across entire ocean basins using sound. On land, your whisper fades within metres. What's the difference?",https://elevatestemdaily.github.io/elevate-stem-daily-lessons/lessons/class-9/3941kgzdkd.html,Sound travels faster in solids than air. Could you design a material that transmits sound precisely enough to replace radio communications underground?,How does sound travel from a source to your ears?,Sound travels as longitudinal pressure waves through a medium by compressing and expanding particles,Sound travels as electromagnetic waves that do not need a medium and can pass through a vacuum,"Sound travels by heating the air around it, causing a chain of warm air pockets to carry the vibration",q1_a,Why is understanding the mechanism of sound propagation more useful than just knowing sound travels?,Sound travel is obvious from daily experience so its mechanism is only needed for advanced music,A mechanism explains cause-and-effect and allows prediction in new situations,Sound propagation mechanisms are only relevant in underwater acoustics and not in air,q2_b,"If sound tried to travel through a vacuum such as outer space, what would you predict?",Sound would travel faster in a vacuum because there are no particles to slow it down,Sound would travel at the same speed in a vacuum as it does in air at sea level,Sound would not travel at all because there are no particles to transmit the pressure waves,q3_c
25,10,How does electromagnetic induction work?,"Wireless chargers, power grids, credit card taps — all work because a moving magnet can push electricity through a wire without touching it.",https://elevatestemdaily.github.io/elevate-stem-daily-lessons/lessons/class-10/6er54wtah2.html,"If electromagnetic induction could transmit power wirelessly over kilometres instead of millimetres, how would global energy distribution change?",What causes electromagnetic induction to produce a current?,A changing magnetic field through a conductor induces an electromotive force (EMF),A static magnet placed near a wire permanently induces a constant current,Induction occurs when two wires carrying current are connected in parallel,q1_a,Why is understanding Faraday's induction mechanism more useful than knowing generators exist?,Because Faraday's law is too complex for practical use in designing generators,"The mechanism explains how generators, transformers and wireless chargers all work",Because induction only works in generators and cannot be applied elsewhere,q2_b,What would happen to induced EMF if the coil rotated twice as fast inside the magnetic field?,Induced EMF would halve because faster rotation reduces each magnetic flux change,Induced EMF would remain the same because only the magnet's strength matters,Induced EMF would increase because the rate of change of magnetic flux increases,q3_c
25,11,How neurons communicate,Your neurons communicate using an electrical spike that triggers a chemical flood — and the process repeats a trillion times a day.,https://elevatestemdaily.github.io/elevate-stem-daily-lessons/lessons/class-11/3ch5z99v5i.html,"If scientists could map every synaptic connection in a human brain, would the resulting 'connectome' actually explain consciousness?",What is an action potential in a neuron?,A rapid reversal of membrane voltage caused by ion flow that propagates along the axon,A steady chemical gradient maintained by the neuron to attract neurotransmitters,A physical contraction of the axon that pushes electrical signals toward the synapse,q1_a,Why is understanding the action potential mechanism more useful than simply knowing neurons carry electrical signals?,Electrical signal description tells us how to chemically block nerve transmission,The mechanism reveals ion channel dynamics and predicts how drugs or toxins affect nerve function,Knowing neurons carry signals is sufficient information to design all neurological treatments,q2_b,"If a drug blocked sodium ion channels in a neuron's membrane, what would happen?",Action potentials would become stronger because potassium would compensate for sodium,Signal transmission would be unaffected as sodium is not involved in action potentials,"Action potentials would fail to generate, blocking signal transmission along the neuron",q3_c
25,12,Relativity: why time slows down,"GPS satellites must correct for the fact that time runs faster in orbit than on Earth. Without this fix, your maps would be wrong by 11 km per day.",https://elevatestemdaily.github.io/elevate-stem-daily-lessons/lessons/class-12/x1wy0exfxf.html,"If time dilation became noticeable at human walking speeds, how would daily life and the experience of ageing look completely different?",What does Einstein's special relativity say about time for a moving observer?,Time passes more slowly for an observer moving at high speed relative to a stationary one,Time passes more quickly for a moving observer because energy accelerates clocks,Time is unaffected by motion and always passes at the same rate for everyone,q1_a,Why does understanding time dilation as a mechanism matter for GPS satellites?,GPS satellites move too slowly for relativity to have any measurable effect on them,GPS clocks must be corrected for relativistic time dilation to give accurate positions,Time dilation in GPS is corrected by adjusting the satellite's orbital altitude only,q2_b,"If a spacecraft travels at 99% of the speed of light for one year by onboard clock, how long passes on Earth?",Exactly one year passes on Earth because both frames measure the same elapsed time,Less than one year passes on Earth because the spacecraft's high energy compresses time,Many more than one year passes on Earth because of relativistic time dilation,q3_c
26,7,Why do earthquakes happen?,"The ground beneath your feet is moving right now — slowly, relentlessly — and every few centuries, it lurches.",https://elevatestemdaily.github.io/elevate-stem-daily-lessons/lessons/class-7/wum3sxd0e9.html,"If seismologists could predict exactly when and where the next major earthquake would strike, what logistical challenges would evacuation involve?",What is the main cause of earthquakes?,Earthquakes occur when tectonic plates move and the stress built up along their boundaries is suddenly released as seismic energy.,Earthquakes are caused by large underground explosions of volcanic gas trapped beneath the Earth's crust.,Earthquakes occur when underground rivers erode rock cavities until the ground above collapses inward.,q1_a,Why is understanding tectonic plate movement more useful than knowing that earthquakes shake the ground?,Tectonic plates do not move; earthquakes are caused entirely by human mining activities.,A mechanism explains the cause-and-effect chain and allows prediction in new situations.,"All earthquakes are small and identical, so a detailed mechanism adds no value.",q2_b,"If two tectonic plates had been locked together without moving for a very long time, what would you predict when they finally shifted?",The plates would slide smoothly and cause no earthquake because the long rest reduced friction.,A small tremor would occur but no major earthquake because the plates had cooled down over time.,A large earthquake would likely occur because enormous stress energy built up during the locked period would be released suddenly.,q3_c
26,8,Why do cyclones rotate?,"Cyclones in the northern hemisphere spin anticlockwise, southern hemisphere spin clockwise — automatically, without anyone choosing.",https://elevatestemdaily.github.io/elevate-stem-daily-lessons/lessons/class-8/mbsyvl6777.html,"If Earth stopped rotating, what would happen to cyclones, trade winds, and rainfall patterns across the entire globe?",What causes a cyclone to rotate rather than move straight inward?,"The Coriolis effect from Earth's rotation deflects winds, causing circular motion","Warm ocean water heats air unevenly, pushing it into a spinning column",High-altitude jet streams catch rising air and force it into a circular path,q1_a,Why is understanding the Coriolis effect and pressure gradient more useful than knowing cyclones spin?,Knowing cyclones spin is enough to issue storm warnings to coastal areas,"It enables accurate prediction of cyclone paths, intensity, and timing","Rotation mechanisms only explain cyclones, not anticyclones or tornadoes",q2_b,"If a cyclone crossed the equator, what would you predict about its rotation?",It would accelerate because the equator has the strongest Coriolis effect,It would maintain its original rotation direction as momentum is conserved,It would weaken and dissipate because the Coriolis effect is zero at the equator,q3_c
26,9,Why does sound change pitch?,An ambulance siren sounds higher as it approaches and lower as it speeds away — even though the siren itself never changes pitch.,https://elevatestemdaily.github.io/elevate-stem-daily-lessons/lessons/class-9/jhs2698mcd.html,The Doppler effect reveals whether a star is moving toward or away from us. How does that help astronomers measure the universe's expansion?,What determines the pitch of a sound?,Pitch is determined by the frequency of the sound wave; higher frequency produces a higher pitch,Pitch is determined by the amplitude of the sound wave; larger amplitude means higher pitch,Pitch is determined by the speed of sound in the medium; faster sound produces higher pitch,q1_a,Why is understanding how frequency relates to pitch more useful than just memorising pitch exists?,Pitch is a subjective experience so no objective mechanism can fully explain it scientifically,A mechanism explains cause-and-effect and allows prediction in new situations,Frequency-pitch relationships only matter for professional musicians and recording engineers,q2_b,"If the frequency of a sound wave were doubled, what would you predict about its pitch?",The pitch would become lower because doubling frequency causes wavelength to increase proportionally,The pitch would remain unchanged because only amplitude determines how high a sound sounds,The pitch would become higher because more compressions per second reach the ear per unit time,q3_c
26,10,How does a camera see?,The first cameras took 8 hours of exposure time — and still captured a scene your phone captures in a millisecond today.,https://elevatestemdaily.github.io/elevate-stem-daily-lessons/lessons/class-10/v75udcnsb7.html,Medical cameras now enter arteries and explore the brain. What is the next imaging frontier that technology is almost close enough to reach?,How does a camera capture an image?,"A lens focuses light onto a sensor or film, forming an inverted real image",A camera captures images by detecting electrical signals from light-emitting objects,Light is absorbed by the camera body and chemically converted into colour patterns,q1_a,Why is understanding lens refraction and focus more useful than just knowing cameras take photos?,Because all cameras are identical and no understanding is needed to use them,"The mechanism explains aperture, focal length, depth of field and image sharpness",Because understanding optics only applies to film cameras and not digital ones,q2_b,What would happen to a camera image if the lens were replaced with a much shorter focal length?,The image would be identical because focal length only affects camera weight,The image would be darker because shorter lenses block more incoming light,The field of view would be wider and objects would appear smaller in the frame,q3_c
26,11,The human brain as an information-processing system,Your brain uses less power than a dim light bulb — yet it performs computations that the world's fastest supercomputers cannot match.,https://elevatestemdaily.github.io/elevate-stem-daily-lessons/lessons/class-11/aoj1e2m1cl.html,"If we could artificially increase neural plasticity at any age, what skills could adults learn that are currently impossible after childhood?",Which brain structure is primarily responsible for higher-order functions such as reasoning and language?,"The cerebral cortex, the outer layer of the brain involved in cognition and decision-making","The cerebellum, which coordinates balance and fine voluntary movements","The medulla oblongata, which controls automatic functions like breathing and heartbeat",q1_a,Why is understanding neural network plasticity more useful than memorising brain anatomy?,Brain anatomy diagrams fully predict all cognitive outcomes without understanding plasticity,"Plasticity reveals the mechanism by which learning reshapes neural connections, enabling prediction of skill acquisition","Plasticity only applies to the spinal cord, not to higher brain functions like memory",q2_b,"If the corpus callosum connecting the brain's two hemispheres were severed, what would result?",No change would occur because each hemisphere independently processes all information,The brain would increase in overall processing speed due to reduced inter-hemisphere interference,"The two hemispheres would lose the ability to share information, causing split-brain effects in perception",q3_c
26,12,Black holes and event horizons,"At the edge of a black hole, time slows to a halt from an outside observer's view — you'd watch the universe age before you crossed in.",https://elevatestemdaily.github.io/elevate-stem-daily-lessons/lessons/class-12/qsf0lxgj4v.html,"Hawking predicted black holes slowly evaporate via quantum radiation. If that's true, what information is lost when a black hole disappears?",What defines the event horizon of a black hole?,The boundary beyond which escape velocity exceeds the speed of light,The surface of the neutron star before it collapses into a singularity,The region where the black hole's magnetic field deflects all incoming matter,q1_a,Why can nothing escape from inside a black hole's event horizon?,The temperature inside the event horizon is too high for matter to remain intact,Matter inside is magnetised and attracted to the singularity by electromagnetic force,Even light cannot travel fast enough to overcome the extreme gravitational curvature of spacetime,q2_c,"If a black hole's mass doubled, what would happen to its Schwarzschild radius (event horizon size)?",The radius would quadruple because gravitational strength scales with the square of mass,The radius would stay the same because event horizon size depends only on density,The radius would double because Schwarzschild radius is directly proportional to mass,q3_c
27,7,How do volcanoes work?,"Hawaii is being built right now — from the inside of the Earth outwards, one volcanic eruption at a time.",https://elevatestemdaily.github.io/elevate-stem-daily-lessons/lessons/class-7/ne37mx882r.html,"Supervolcano eruptions can cool the entire planet. If you could predict one six months ahead, how would humanity coordinate a global response?",What is the main mechanism that causes a volcano to erupt?,"Molten rock (magma) from inside the Earth rises through cracks in the crust due to pressure, reaching the surface as lava during an eruption.",Volcanoes erupt when underground water reacts chemically with iron-rich rocks to produce explosive gas.,"Volcanic eruptions are caused by the Earth spinning, which flings hot material toward the surface near the equator.",q1_a,Why is understanding magma pressure and plate tectonics more useful than knowing volcanoes release lava?,Volcanic eruptions are random events that cannot be explained by pressure or plate movement.,A mechanism explains the cause-and-effect chain and allows prediction in new situations.,"All volcanoes erupt identically, so understanding the mechanism explains no differences between them.",q2_b,"If pressure inside a volcano continued to build without any eruption for a very long time, what would you predict?",The pressure would eventually stabilise on its own as the magma cooled and solidified underground.,The volcano would become extinct because old pressure dissipates without erupting.,An extremely powerful eruption would eventually occur when the pressure exceeded the strength of the surrounding rock.,q3_c
27,8,How do satellites stay in orbit?,"A satellite isn't suspended above Earth — it's constantly falling, but moving sideways so fast it keeps missing the ground.",https://elevatestemdaily.github.io/elevate-stem-daily-lessons/lessons/class-8/y2w99jm949.html,Low Earth orbit is filling with satellite debris. What systems would you design to clean it up before critical collisions occur?,Why doesn't a satellite fall to Earth even though gravity pulls on it?,The satellite moves so fast sideways that it keeps falling around Earth's curve,The satellite reaches an altitude where gravity is too weak to pull it down,Solar panels on the satellite produce thrust that counteracts gravitational pull,q1_a,Why is understanding orbital mechanics more useful than just knowing satellites stay up?,Knowing satellites stay in orbit is sufficient for all space mission planning,It allows engineers to calculate correct launch speeds and orbital altitudes,"Orbital mechanics only apply to large satellites, not to small cubesats",q2_b,"If a satellite were slowed down significantly by atmospheric drag, what would you predict?",The satellite would move to a higher orbit because lower speed saves fuel,The satellite would orbit in a wider ellipse but remain at the same altitude,The satellite's orbit would decay and it would eventually fall back to Earth,q3_c
27,9,Why are stars different colours?,"Blue stars are the hottest, red stars are the coolest — the opposite of what red and blue mean in everyday life.",https://elevatestemdaily.github.io/elevate-stem-daily-lessons/lessons/class-9/xp4m7p7qbg.html,"Our Sun is a yellow dwarf with a 10-billion-year lifespan. If it were a blue giant, how would that change the odds for intelligent life forming?",What determines the colour of a star as observed from Earth?,A star's colour depends on its surface temperature; hotter stars appear blue and cooler stars appear red,A star's colour depends on its chemical composition; iron stars appear red and hydrogen stars appear blue,A star's colour depends on its distance from Earth; closer stars appear blue and distant ones appear red,q1_a,Why is understanding the temperature-colour mechanism more useful than just knowing stars are different colours?,Star colours can be seen without a telescope so no further mechanism is needed for understanding,A mechanism explains cause-and-effect and allows prediction in new situations,Star colour mechanisms are only relevant to professional astronomers using spectral telescopes,q2_b,"If a star gradually cooled from a very high temperature, what colour change would you predict?",The star would shift from red to blue as cooling lowers the energy of emitted photons,The star's colour would stay white because all stars emit the same spectrum regardless of temperature,"The star would shift from blue or white toward yellow, orange, and eventually red as it cools",q3_c
27,10,How does the human eye see?,"Your eye performs live autofocus 50 times per second — something cameras took decades to replicate, and still can't fully match.",https://elevatestemdaily.github.io/elevate-stem-daily-lessons/lessons/class-10/i1nl040pgn.html,"Colour blindness affects cone cells in the retina. If gene therapy added a fourth cone type, what new colours might humans perceive?",How does the human eye form a clear image on the retina?,"The lens changes shape to focus light onto the retina, a process called accommodation",The retina emits signals that travel outward and reflect back from objects to form images,The pupil focuses light by expanding and contracting to bend rays onto the cornea,q1_a,Why is understanding accommodation and refraction more useful than just knowing eyes see?,Because accommodation is only relevant for children and does not apply to adults,"The mechanism explains short-sightedness, long-sightedness and how spectacles correct them",Because the eye's mechanism is identical to a camera and no extra explanation is needed,q2_b,What would happen to vision if the eye's lens became too stiff to change shape?,Vision would improve because a rigid lens provides a more stable focus,Vision would be unaffected because the cornea alone handles all focusing,"The eye could not focus at different distances, causing blurred near or far vision",q3_c
27,11,How genes encode biological information,Three letters of genetic code specify one amino acid out of 20. That three-letter language writes every protein in your body.,https://elevatestemdaily.github.io/elevate-stem-daily-lessons/lessons/class-11/c1xnlnzmga.html,The genetic code uses 61 codons for 20 amino acids. Could an expanded code include non-natural amino acids to build proteins that don't exist in nature?,How is genetic information stored in DNA?,"In sequences of nitrogenous base pairs (adenine, thymine, guanine, cytosine) that code for amino acids","In the length of the sugar-phosphate backbone, which varies between genes","In the physical shape of the double helix, which changes to encode different proteins",q1_a,Why is understanding the genetic code more useful than simply knowing that DNA contains genes?,The genetic code proves that all organisms share identical genes without any variation,It reveals the cause-and-effect mechanism from nucleotide sequence to protein structure to biological function,Knowing genes exist is sufficient to predict all evolutionary and developmental outcomes,q2_b,"If a single base in a codon is mutated to a different base, what may happen to the resulting protein?",The protein will be unaffected because single-base mutations never change amino acid sequence,The entire genome is destroyed and the cell dies immediately after any mutation,"The codon may code for a different amino acid, altering the protein's structure and function",q3_c
27,12,How scientists detect gravitational waves,LIGO detected a ripple in spacetime smaller than 1/1000th of a proton — from two black holes merging over a billion years ago.,https://elevatestemdaily.github.io/elevate-stem-daily-lessons/lessons/class-12/35w2euf8a7.html,Gravitational waves pass through everything without being absorbed. Could they ever be used to image the interior of the Earth?,What instrument is used to detect gravitational waves?,A laser interferometer such as LIGO that measures tiny changes in arm length,A radio telescope array that captures the sound emitted by merging black holes,A network of seismometers on Earth's surface recording spacetime vibrations,q1_a,Why must LIGO's arms be kilometres long to detect gravitational waves?,Longer arms allow the laser to build up enough energy to split the spacetime wave,"Gravitational wave stretching is proportional to arm length, making longer arms more sensitive",Shorter arms would cause the laser beams to interfere before reaching the detector,q2_b,"If two merging black holes are twice as massive, what happens to the gravitational wave signal?",The signal frequency doubles because heavier objects orbit each other more slowly,The signal is undetectable because more massive black holes produce no gravitational radiation,The signal is stronger and at lower frequency because more massive systems orbit more slowly and radiate more power,q3_c
28,7,Could humans live on Mars?,Mars has blue sunsets — the opposite of Earth — because its thin atmosphere scatters light completely differently.,https://elevatestemdaily.github.io/elevate-stem-daily-lessons/lessons/class-7/52ahi65mny.html,"If a permanent Mars colony were established, what governance structure should it have — democracy, corporate colony, or something entirely new?",What is the main challenge that makes it difficult for humans to live on Mars without special equipment?,"Mars has a very thin atmosphere with almost no oxygen, extreme cold temperatures, and high radiation levels that are lethal without protection.",Mars has too much gravity for human bones and muscles to function normally without collapsing.,"Mars is covered entirely by liquid water oceans, making it impossible to build stable structures on the surface.",q1_a,Why is understanding the conditions on Mars more useful than simply knowing humans cannot currently live there?,"Mars is identical to Earth in all conditions, so there are no challenges to understand.",A mechanism explains the cause-and-effect chain and allows prediction in new situations.,"Human space travel to Mars is impossible and will never happen, so studying conditions there is pointless.",q2_b,"If scientists successfully created a pressurised habitat with breathable air on Mars, what remaining challenge would colonists still face?",The colonists would face no further challenges because breathable air solves all survival problems on Mars.,Colonists would need to deal with Mars's very strong magnetic field disrupting all electronic equipment.,"Colonists would still face extreme cold, harmful radiation, dust storms, and the need to grow food with limited resources.",q3_c
28,8,Why doesn't the Moon fall onto Earth?,"If you threw a ball fast enough horizontally, it would keep falling forever without ever hitting the ground. That's exactly what the Moon is doing.",https://elevatestemdaily.github.io/elevate-stem-daily-lessons/lessons/class-8/a7k2vy7hz1.html,"The Moon is drifting away from Earth at 3.8 cm per year. In billions of years, what changes on Earth as the Moon recedes?",Why doesn't the Moon crash into Earth despite gravity pulling them together?,The Moon's orbital speed creates a balance between gravity and inertia,The Moon is pushed away from Earth by the solar wind balancing gravity,Earth's gravity is too weak at that distance to pull the Moon,q1_a,Why is understanding orbital balance more useful than knowing the Moon stays in the sky?,Knowing the Moon stays up is sufficient for all astronomy and tidal studies,It explains how any orbiting body can be stable and predicts orbital changes,"Orbital balance only applies to natural moons, not to artificial satellites",q2_b,"If the Moon's orbital speed suddenly decreased, what would you predict?",The Moon would move to a higher orbit due to reduced centripetal acceleration,Earth's gravity would weaken proportionally to maintain the Moon's orbit,The Moon would spiral inward toward Earth as gravity overcame its inertia,q3_c
28,9,How do scientists know the universe is expanding?,"The universe has no edge, no centre, and every galaxy moves away from every other simultaneously. That's not an explosion — it's stranger.",https://elevatestemdaily.github.io/elevate-stem-daily-lessons/lessons/class-9/qyvv45j4uh.html,"The expansion of the universe is accelerating. If it keeps accelerating, what is the long-term fate of the night sky as seen from Earth?",What key observation provides evidence that the universe is expanding?,"Distant galaxies show redshift, meaning their light is stretched to longer wavelengths as they move away","Scientists have measured that the total number of stars increases each year, proving the universe grows","Telescopes detect that all stars are moving toward Earth, indicating the universe is concentrating inward",q1_a,Why is understanding the redshift mechanism more useful than just accepting that the universe expands?,Accepting expansion is sufficient; the mechanism is too mathematical for Class 9 students,A mechanism explains cause-and-effect and allows prediction in new situations,Redshift is measured by satellites so students cannot verify or understand it independently,q2_b,"If a galaxy were moving away from us faster than another galaxy, what would you predict about its light?",Its light would appear bluer because faster motion compresses the wavelengths toward shorter values,Its light would show no shift because speed only affects the brightness of distant objects,Its light would show a greater redshift with wavelengths stretched more toward the red end of the spectrum,q3_c
28,10,Why can't we see atoms with ordinary microscopes?,"We can photograph individual atoms today — but the tool that makes it possible uses electrons, not light. Here's why light fails.",https://elevatestemdaily.github.io/elevate-stem-daily-lessons/lessons/class-10/7gzjw60k9a.html,"Electron microscopes need vacuum conditions. If we designed one that imaged atoms in air, what previously impossible experiments would that enable?",Why do ordinary light microscopes fail to image individual atoms?,"Atoms are smaller than the wavelength of visible light, so light cannot resolve them","Atoms are transparent to all light, so they cannot reflect any photons to the lens",Ordinary lenses overheat at high magnification before atoms become visible,q1_a,Why is understanding the resolution limit of light microscopes more useful than just knowing they exist?,Because all microscopes have exactly the same resolution limit regardless of type,The mechanism explains why electron microscopes and STMs were developed to image atoms,Because light microscopes are outdated and no longer used in any scientific laboratory,q2_b,What would happen to microscope resolution if you used ultraviolet light instead of visible light?,Resolution would worsen because UV light has longer wavelength than visible light,Resolution would be the same because wavelength has no effect on microscope quality,Resolution would improve because UV light has a shorter wavelength than visible light,q3_c
28,11,Evolution and the origin of biodiversity,Every species alive today shares a common ancestor — from mushrooms to whales. Evolution is the single idea that explains all of biology.,https://elevatestemdaily.github.io/elevate-stem-daily-lessons/lessons/class-11/j06498qdj3.html,"Horizontal gene transfer lets bacteria share genes directly. If humans could do the same, how would evolution and medicine change?",What is natural selection in evolutionary biology?,The process by which organisms with heritable advantageous traits survive and reproduce more successfully,The deliberate breeding of organisms by humans to enhance desirable characteristics,The random mutation of genes that always leads to improved survival for the organism,q1_a,Why is understanding the mechanism of natural selection more useful than simply listing species that evolved?,Listing species is sufficient to predict which organisms will survive future climate change,The mechanism reveals why variation and selection pressures cause populations to change predictably over time,"Natural selection is identical to genetic drift, so understanding one replaces understanding the other",q2_b,"If a new antibiotic is introduced and some bacteria already carry a resistance gene, what would evolution predict?",All bacteria would develop resistance simultaneously through coordinated genetic response,"The bacteria would evolve away from the affected region, avoiding the antibiotic entirely","Resistant bacteria would survive and reproduce, causing the population to become predominantly resistant",q3_c
28,12,Dark matter and dark energy,"Everything you've ever seen, touched, or measured makes up only 5% of the universe. The rest is something we have never directly detected.",https://elevatestemdaily.github.io/elevate-stem-daily-lessons/lessons/class-12/xpknkyqbk6.html,"Dark matter interacts with gravity but not light. If it interacts with nothing we can currently measure, how might a future civilisation detect it?",What evidence indicates that dark matter exists?,Galaxies rotate faster at their edges than visible mass alone can explain,Telescopes detect dark matter directly as black patches blocking starlight,Dark matter emits infrared radiation that can be measured by space observatories,q1_a,Why does dark energy explain the accelerating expansion of the universe?,Dark energy is a form of antimatter that repels normal matter gravitationally,Dark energy acts as a repulsive pressure in space that counteracts gravitational attraction,"Dark energy heats the cosmic microwave background, pushing galaxies apart thermally",q2_b,"If dark energy increases over time, what would be the ultimate fate of the universe?",The universe would collapse in a Big Crunch as dark energy reverses and becomes attractive,The universe would reach a stable equilibrium where expansion exactly balances gravity,The expansion would accelerate so much that even atoms could eventually be torn apart,q3_c
29,7,What would happen if Earth stopped rotating?,"Earth's rotation is slowing by 1.4 milliseconds per century. Billions of years ago, a day was just 6 hours long.",https://elevatestemdaily.github.io/elevate-stem-daily-lessons/lessons/class-7/omheq9ywcn.html,"A tidally locked Earth would have permanent daylight on one side, eternal night on the other. Where would life concentrate — and where would it vanish?",What is the main effect Earth's rotation has on life and the environment?,"Earth's rotation creates the cycle of day and night, drives weather patterns through the Coriolis effect, and maintains the planet's oblate shape.",Earth's rotation creates gravity by spinning; without it objects would float off the surface into space.,Earth's rotation powers photosynthesis in plants by ensuring every region receives equal amounts of sunlight each day.,q1_a,Why is understanding the effects of Earth's rotation more useful than just knowing the Earth spins?,"Earth's rotation has no effect on weather, time, or life — it only affects satellite orbits.",A mechanism explains the cause-and-effect chain and allows prediction in new situations.,"The Earth stopped rotating millions of years ago, so studying its current rotation is irrelevant.",q2_b,"If Earth suddenly stopped rotating, what would you predict would happen to a person standing on the surface?",The person would feel lighter because stopping rotation reduces centrifugal force on the equator.,The person would experience no immediate change because gravity alone keeps people on the ground.,"The person would be thrown forward at tremendous speed due to inertia, as the surface stopped but the person kept moving.",q3_c
29,8,Could we build a city underwater?,The ocean floor has more unmapped terrain than the surface of Mars. Building a city there would solve space problems — and create new ones.,https://elevatestemdaily.github.io/elevate-stem-daily-lessons/lessons/class-8/fgdbfubutx.html,An underwater city near a hydrothermal vent could tap geothermal energy. What engineering innovations would be required to make this survivable?,What is the greatest engineering challenge for building a city underwater?,Withstanding enormous water pressure that increases with depth,Finding enough sand on the ocean floor to build foundations,Generating enough heat to keep inhabitants warm in deep water,q1_a,Why is understanding fluid pressure mechanisms important for underwater city design?,Knowing water is heavy is sufficient to plan all underwater construction,It determines the structural materials and wall thickness needed for safety,"Pressure mechanisms only matter for military submarines, not civilian structures",q2_b,"If an underwater habitat were built at twice the depth, what would you predict about its walls?",Thinner walls would be needed as deeper water provides extra structural support,Wall thickness would remain the same if the same waterproof material is used,Much thicker and stronger walls would be needed to withstand doubled pressure,q3_c
29,9,Could we ever travel to another star?,"The nearest star is 4.2 light-years away. A spacecraft at current rocket speeds would take 70,000 years to arrive. What could change that?",https://elevatestemdaily.github.io/elevate-stem-daily-lessons/lessons/class-9/r6mqpqszg1.html,"A generation ship would need to sustain human civilisation for thousands of years without resupply. What biological, social, and engineering problems must it solve?",What is the primary scientific challenge in travelling to another star system?,The vast distances to even the nearest stars mean travel times of thousands of years at current speeds,"Stars are too hot to approach, so spacecraft would melt before reaching the destination","Interstellar space has too much gravity from dark matter, preventing spacecraft from moving outward",q1_a,Why is understanding the scientific mechanism of interstellar travel challenges more useful than just saying it is hard?,Knowing it is hard is enough to conclude that it will never happen so no mechanism is needed,A mechanism explains cause-and-effect and allows prediction in new situations,"Travel challenges are engineering problems not scientific ones, so mechanisms are irrelevant",q2_b,"If a spacecraft could travel at 10% of the speed of light, what would you predict about reaching Proxima Centauri?",The journey would take about one year because Proxima Centauri is only 4 light-minutes away,The journey would be instantaneous because at 10% light speed relativistic effects eliminate distance,The journey would take roughly 40 years because Proxima Centauri is about 4.2 light-years away,q3_c
29,10,The physics of nuclear energy,E = mc² means a tiny amount of mass converts to enormous energy — a kilogram fully converted could power a city for years.,https://elevatestemdaily.github.io/elevate-stem-daily-lessons/lessons/class-10/dvoyujxxlq.html,"Nuclear fusion powers the Sun but has never been achieved commercially. What is the single biggest obstacle, and how close are we to solving it?",Where does the enormous energy released in nuclear reactions come from?,Energy comes from mass converted to energy via Einstein's equation E = mc²,Nuclear energy comes from electrons moving between energy levels in the nucleus,The energy comes from chemical bonds in the nucleus being broken by heat,q1_a,Why is understanding nuclear fission and fusion mechanisms more useful than just knowing they produce energy?,Because fission and fusion produce identical amounts of energy by different routes,"The mechanism explains radiation hazards, reactor design and waste management needs",Because nuclear energy is banned worldwide so understanding it serves no practical purpose,q2_b,What would happen to the energy released if a heavier nucleus were split instead of uranium-235?,Less energy would be released because heavier nuclei are more stable and hard to split,Energy released would be identical regardless of which nucleus undergoes fission,Energy output depends on mass defect; some heavier nuclei can release more energy,q3_c
29,11,What makes Earth suitable for life?,"Earth sits in a 'Goldilocks zone' — not too hot, not too cold. But so do several other planets. What makes Earth actually special?",https://elevatestemdaily.github.io/elevate-stem-daily-lessons/lessons/class-11/7ckh7ple03.html,"If Earth had no Moon, it would wobble dramatically on its axis. What would unstable seasons look like — and could complex life still evolve?",Which combination of factors makes Earth uniquely suitable for life as we know it?,"Liquid water, moderate temperature, protective atmosphere, and magnetic field shielding radiation","Proximity to the Sun, high volcanic activity, and absence of a moon causing constant tides","Pure oxygen atmosphere, uniform surface temperature, and absence of tectonic plate movement",q1_a,Why is understanding Earth's habitability factors more useful than just saying 'Earth has the right conditions'?,A vague description accurately predicts all exoplanet habitability without further analysis,It identifies specific cause-and-effect mechanisms that can be used to assess habitability of other planets,Habitability factors are unique to Earth and cannot be compared to any other planetary body,q2_b,"If Earth lost its magnetic field, what would be the most significant long-term effect on surface life?","Tectonic activity would cease, cooling the mantle and freezing the oceans within decades",Photosynthesis would double in efficiency because solar radiation would reach plants more directly,"Solar wind would strip away the atmosphere, increasing harmful radiation exposure and eroding habitability",q3_c
29,12,The search for life beyond Earth,"If an alien civilisation 100 light-years away watched Earth through a telescope right now, they would see no signs of human life yet.",https://elevatestemdaily.github.io/elevate-stem-daily-lessons/lessons/class-12/yee25zlk40.html,"The SETI project searches for intelligent signals. If we received one tomorrow, what protocol should determine how — and whether — humanity responds?",What is the habitable zone around a star?,The range of orbital distances where liquid water could exist on a planet's surface,The region within 100 light-years of Earth where radio signals could be received,The zone where a planet has enough gravity to retain a thick nitrogen atmosphere,q1_a,Why do scientists look for biosignatures such as oxygen and methane in exoplanet atmospheres?,These gases are unique to rocky planets and confirm the planet is Earth-sized,Their simultaneous presence is unlikely without biology because they chemically destroy each other,"Both gases are only produced by volcanic activity, indicating geological activity compatible with life",q2_b,"If an exoplanet is found with large amounts of oxygen but no methane or organic molecules, what is likely?",Life is definitely present because oxygen is always produced by photosynthetic organisms,Life is present and consuming methane faster than it is produced by the biosphere,Oxygen may have a non-biological source such as photodissociation of water vapour,q3_c
30,7,The Ultimate Challenge: Design a self-sustaining space habitat,Designing a space habitat means solving problems that don't exist on Earth — because nothing you need can be delivered from a shop.,https://elevatestemdaily.github.io/elevate-stem-daily-lessons/lessons/class-7/ywawjbi26h.html,"If a self-sustaining habitat could support 100 people indefinitely, what would be the first three non-human species you'd include and why?",What is the central idea behind designing a self-sustaining space habitat?,"A self-sustaining habitat must recycle air, water, and waste while producing its own food and energy without resupply from Earth.",A self-sustaining habitat is one that is built from materials found in space without using any Earth-manufactured components.,Self-sustainability in space means the habitat can operate for exactly one year before requiring a complete resupply mission.,q1_a,Why is understanding the mechanism of closed-loop life support more useful than knowing a habitat needs air and food?,"Space habitats are supplied continuously from Earth, so closed-loop systems are unnecessary to study.",A mechanism explains the cause-and-effect chain and allows prediction in new situations.,"Oxygen in space can be captured directly from starlight, so understanding recycling is irrelevant.",q2_b,"If the plant-growing system in a space habitat failed, what would you predict would happen to the crew over time?",The crew would be unaffected because space habitats store enough packaged food for decades.,The habitat's recycling system would automatically convert carbon dioxide back into food for the crew.,"The crew would face food shortages and rising carbon dioxide levels, as plants provide both food and oxygen recycling.",q3_c
30,8,Ultimate Challenge: Design a future sustainable city,Future cities won't just be built for people — they'll be designed to have less impact than the wilderness they replaced.,https://elevatestemdaily.github.io/elevate-stem-daily-lessons/lessons/class-8/om4gzbiii1.html,"If a sustainable city could be fully energy self-sufficient, what would it look like to the last resident who couldn't afford to live there?",What is the central goal when designing a sustainable city?,Meeting all human needs while minimising resource use and environmental impact,Building as many tall buildings as possible to house the largest population,Using the most advanced technology regardless of energy or material cost,q1_a,Why is a systems-thinking approach more useful than solving one problem at a time?,Solving individual problems one by one is the most efficient design strategy,Sustainable city systems are interconnected; fixing one part affects all others,Systems thinking only applies to large cities with over one million residents,q2_b,"If a sustainable city removed all cars and relied only on cycling and walking, what would you predict?",Air pollution would increase because more people outdoors release more CO2,Energy demand would increase because more lighting would be needed on paths,Air quality and public health would improve and carbon emissions would drop,q3_c
30,9,Ultimate Challenge: Build a physics model explaining a real-world phenomenon,A good physics model can predict the future — but how do you know when your model is actually correct and when it's just fitting noise?,https://elevatestemdaily.github.io/elevate-stem-daily-lessons/lessons/class-9/0a8na5lt4k.html,Physics is full of models that worked perfectly until they didn't. How should scientists decide when to patch a model versus discard it entirely?,What is the first step when building a scientific model to explain a real-world phenomenon?,Identify and clearly describe the phenomenon you want to explain before introducing any theory,"Write the mathematical equations first, then find a phenomenon that matches the formula",Search for an existing model online and apply it directly without any personalised adaptation,q1_a,Why is identifying the mechanism within a physics model more useful than just stating what happens?,Stating what happens is sufficient for full marks in all Class 9 physics assessments,A mechanism explains cause-and-effect and allows prediction in new situations,Physics models are decorative tools that visualise results without needing explanatory depth,q2_b,"If your physics model made a prediction that did not match experimental data, what should you do?",Discard the experiment results because a well-built model is always more reliable than data,Accept the mismatch as proof that the phenomenon is too complex for any scientific model,Revise the model to account for the new evidence and test the updated prediction again,q3_c
30,10,Ultimate Challenge: Solve a real-world science problem using Class 10 concepts,"Real science doesn't come with textbook labels — the most powerful problems require mixing chemistry, biology, and physics at once.",https://elevatestemdaily.github.io/elevate-stem-daily-lessons/lessons/class-10/u91anphitu.html,"If you had to use Class 10 concepts to design water purification for a remote village, what combination of principles would you apply?",Which Class 10 concept best explains why a solar panel generates electricity from sunlight?,"Photoelectric effect: photons knock electrons free, creating current in the circuit",Electromagnetic induction: sunlight spins a coil inside a magnetic field,Chemical reactions: sunlight converts silicon into electrical charge carriers,q1_a,Why is applying multiple Class 10 concepts to a single real-world problem more powerful than one concept alone?,Because real problems always have exactly one cause and one solution only,Real systems involve overlapping mechanisms: combining concepts leads to deeper solutions,Because Class 10 concepts are all identical and combining them changes nothing,q2_b,What would happen to electric power output of a solar panel on a cloudy day?,Output would be identical because solar panels use reflected ground light not direct sunlight,Output would increase because cloud cover reduces temperature and improves panel efficiency,Output would decrease because fewer photons reach the panel to generate the photoelectric effect,q3_c
30,11,Research Challenge: Explain one major unanswered scientific question,"Science's most exciting questions are the ones with no answer yet. Pick any — and every year, a new tool might crack it open.",https://elevatestemdaily.github.io/elevate-stem-daily-lessons/lessons/class-11/xi0oaaa3pi.html,Choose one unanswered question in physics or biology. Describe what kind of experiment might resolve it within the next 20 years.,Which of the following is a major genuinely unanswered question in modern science?,The nature of dark matter and dark energy dominating the universe's mass-energy content,"Why does the Sun rise in the east, which scientists have not yet explained through observation?","How does photosynthesis convert light into glucose, which remains completely unknown to biologists?",q1_a,Why is framing a research question around a mechanism more useful than simply identifying an unknown fact?,Mechanism-based questions eliminate the need for experimental evidence in scientific research,A mechanistic question identifies cause-and-effect relationships that guide productive investigation and testable hypotheses,Unknown facts are more prestigious than mechanism questions in published scientific literature,q2_b,"If a scientist proposes that dark matter consists of a new particle, what would the next scientific step be?",Immediately accept the hypothesis because it is proposed by a credentialed scientist,Reject the hypothesis because all subatomic particles were discovered in the 20th century,Design experiments that could detect the proposed particle or rule out its properties through observation,q3_c
30,12,Grand Challenge: What will the next scientific revolution be?,Every major revolution in science — from heliocentrism to quantum mechanics — seemed impossible until it suddenly seemed obvious.,https://elevatestemdaily.github.io/elevate-stem-daily-lessons/lessons/class-12/0wwxblufl0.html,"If quantum mechanics and general relativity were successfully unified, which current technology would need to be completely redesigned?",Which of the following best describes how major scientific revolutions occur historically?,Anomalies accumulate until a new paradigm replaces the old framework entirely,Scientists vote democratically to replace one theory with another by consensus,Governments fund research that confirms existing theories and discards alternatives,q1_a,Why is unifying quantum mechanics with general relativity considered the biggest open challenge?,Both theories are completely wrong and must be discarded before a new theory can emerge,They describe the same phenomena at different scales and always produce identical predictions,They use fundamentally incompatible mathematical frameworks that break down at extreme scales,q2_c,"If a future theory successfully unifies quantum mechanics and gravity, what would it predict?",That gravity does not actually exist and all attraction is caused by electromagnetic fields,That atoms are made of four fundamental particles rather than the current three quark types,"Physics inside black holes and at the Big Bang singularity, which current theories cannot describe",q3_c
