day_number,class_level,topic,q1_text,q1_a,q1_b,q1_c,q1_correct,q2_text,q2_a,q2_b,q2_c,q2_correct,q3_text,q3_a,q3_b,q3_c,q3_correct
1,7,Why does your stomach not digest itself?,What is the main phenomenon studied when we ask why the stomach does not digest itself?,The stomach produces no acid when it is not digesting food.,Stomach cells are made of a special acid-proof protein called keratase.,The stomach lining is protected by a thick layer of mucus that neutralises acid.,q1_c,Why is understanding the cause-and-effect mechanism more useful than just memorising the answer?,"Memorised answers are always correct, so mechanisms are unnecessary.","Mechanisms only apply to chemistry, not to biology or physics.",A mechanism explains the cause-and-effect chain and allows prediction in new situations.,q2_c,"If the mucus lining of the stomach were damaged, what would you predict would happen?",The stomach would produce less hydrochloric acid to compensate for the damage.,Digestion would slow down because enzymes would have less space to work.,"Stomach acid could begin to digest the stomach wall, causing ulcers.",q3_c
2,7,How does the human nose actually work?,What is the primary role of the olfactory receptors in the nose?,Olfactory receptor cells detect chemical molecules in the air and send signals to the brain.,Olfactory receptors filter dust particles before air enters the lungs.,Olfactory receptors warm and humidify incoming air to protect the throat.,q1_a,Why is identifying the mechanism of smell more useful than just knowing that the nose detects odours?,Knowing odours exist is enough; the mechanism adds no practical value.,A mechanism explains the cause-and-effect chain and allows prediction in new situations.,The mechanism of smell is too complex to be studied at Class 7 level.,q2_b,"If the olfactory nerve were blocked, what would you predict would happen to a person's sense of smell?",The person would lose the sense of smell because signals could not reach the brain.,The person would smell more strongly because signals would build up in the receptors.,The nose would produce more mucus to compensate for the missing nerve signals.,q3_a
3,7,Why do we breathe faster after running?,What is the main reason we breathe faster after running?,"Muscles use more oxygen and produce more carbon dioxide during exercise, so breathing rate increases to meet demand.","Running heats the lungs, which makes the diaphragm contract more rapidly automatically.","The body needs to cool down quickly, so it exhales hot air faster.",q1_a,Why is knowing the mechanism of increased breathing rate more useful than memorising that we breathe faster?,"The mechanism is only useful for doctors, not for students.",A mechanism explains the cause-and-effect chain and allows prediction in new situations.,Memorising the fact is sufficient because breathing rate never changes.,q2_b,"If a person held their breath after sprinting, what would you predict would happen?",The muscles would stop producing carbon dioxide to prevent overload.,"Carbon dioxide levels in the blood would rise rapidly, triggering an urgent urge to breathe.",The heart would slow down to reduce the demand for oxygen.,q3_b
4,7,How does blood know where to go?,What guides blood to the correct organs in the circulatory system?,"Blood is pumped by the heart through a network of arteries, veins, and capillaries that form closed pathways to each organ.",Blood cells have small magnets that attract them to specific organs needing oxygen.,The brain sends electrical signals directly to red blood cells to direct their movement.,q1_a,Why is identifying the mechanism of blood circulation more useful than simply knowing blood travels around the body?,A mechanism explains the cause-and-effect chain and allows prediction in new situations.,"Blood circulation is the same in all animals, so the mechanism never changes.","The heart pumps randomly, so there is no predictable mechanism to study.",q2_a,"If a major artery supplying a muscle were blocked, what would you predict would happen?",The muscle would receive more blood from veins to compensate for the blocked artery.,The heart would beat slower to reduce pressure in the blocked vessel.,The muscle would be deprived of oxygen and begin to fail or cramp.,q3_c
5,7,Why do plants need sunlight?,What is the main reason plants need sunlight?,"Sunlight provides energy for photosynthesis, the process by which plants make food from carbon dioxide and water.","Sunlight heats the roots, which allows water to be absorbed more efficiently from the soil.",Plants use sunlight to produce oxygen directly from the soil without needing carbon dioxide.,q1_a,Why is understanding the mechanism of photosynthesis more useful than knowing that plants need sunlight?,"Plants grow identically in all light conditions, so the mechanism does not matter.",A mechanism explains the cause-and-effect chain and allows prediction in new situations.,Only botanists need to understand photosynthesis; other students can memorise the fact.,q2_b,"If a plant were kept in complete darkness for several weeks, what would you predict would happen?","The plant would be unable to make food, weaken, and eventually die.",The plant would switch to absorbing nitrogen from the air to replace lost glucose.,The plant would grow faster because darkness accelerates cell division in stems.,q3_a
6,7,How does a seed know which way to grow?,What is the main mechanism that tells a seed's root to grow downward and shoot to grow upward?,A process called gravitropism makes roots grow toward gravity and shoots grow away from it.,Seeds detect the colour of soil and grow their roots toward darker regions.,The seed's outer coat has markings that orient the embryo correctly before germination.,q1_a,Why is knowing the mechanism of directional growth more useful than just observing that roots grow down?,"Roots always grow in random directions, so there is no mechanism to study.",A mechanism explains the cause-and-effect chain and allows prediction in new situations.,Seed growth direction is determined only by the farmer planting the seed correctly.,q2_b,"If a germinating seed were grown in a rotating drum that cancelled out the effect of gravity, what would you predict?",The root would grow faster because less gravity means less resistance to elongation.,The shoot would grow downward because photosynthesis requires the leaves to face the soil.,"The root and shoot would grow in random directions, unable to use gravity as a guide.",q3_c
7,7,Why do some materials float while others sink?,What determines whether an object floats or sinks in water?,An object floats if it is made of natural materials and sinks if it is made of synthetic ones.,An object floats if its density is less than water and sinks if its density is greater than water.,An object floats only if it is hollow and sinks only if it is completely solid.,q1_b,Why is understanding density and buoyancy more useful than just knowing which objects float?,A mechanism explains the cause-and-effect chain and allows prediction in new situations.,"Every object floats in water, so there is no need to understand the mechanism.","Buoyancy only applies to water, so the mechanism has no real-world applications.",q2_a,"If you added salt to water until it became very dense, what would you predict would happen to an egg placed in it?",The egg would float because the saltwater's density becomes greater than the egg's density.,The egg would sink faster because salt increases the gravitational pull on objects.,The egg would dissolve because salt reacts chemically with the eggshell.,q3_a
8,7,The hidden world inside a drop of water,What is found in a drop of pond water that cannot be seen with the naked eye?,A drop of water contains tiny air pockets that give it its round shape on surfaces.,Water droplets contain dissolved minerals arranged in crystal patterns invisible to the eye.,"Microscopic living organisms such as bacteria, algae, and protozoa exist in a drop of pond water.",q1_c,Why is identifying the mechanism of what makes water life-supporting more useful than just knowing microbes exist?,"All microbes are harmful, so understanding them has no benefit for students.",A mechanism explains the cause-and-effect chain and allows prediction in new situations.,"Microbes in water are destroyed by oxygen, so the mechanism is always the same.",q2_b,"If the water in a pond were heated to a very high temperature, what would you predict would happen to the microorganisms?",The microorganisms would grow larger because heat provides them with more energy.,"Most microorganisms would be killed by the heat, drastically reducing their population.",The microorganisms would move to the bottom of the pond to avoid the heat.,q3_b
9,7,Why does ice float on water?,What is the main reason ice floats on liquid water?,Ice floats because it contains trapped air bubbles that make it lighter than water.,"Ice is less dense than liquid water because water molecules form a hexagonal crystal structure when frozen, taking up more space.","Ice floats because its surface is smoother, reducing the friction that would make it sink.",q1_b,Why is understanding the molecular structure of ice more useful than knowing that ice floats?,"Ice always sinks in warm water, so the molecular explanation is incorrect.",The floating of ice is only important in polar regions and not relevant elsewhere.,A mechanism explains the cause-and-effect chain and allows prediction in new situations.,q2_c,What would happen to aquatic life in lakes if ice were denser than water and sank to the bottom?,Fish would swim to the surface in winter because warm water rises to replace sinking ice.,Lakes would freeze more slowly because sunlight would not be blocked by a floating ice layer.,"Lakes would freeze solid from the bottom up, killing most aquatic life in winter.",q3_c
10,7,How does a refrigerator actually cool things?,What is the basic mechanism by which a refrigerator cools food?,"A refrigerant fluid circulates through coils, evaporating inside the fridge to absorb heat and condensing outside to release it.",The refrigerator generates cold air by spinning a fan through ice water stored in the back panel.,Electric current flowing through metal coils directly absorbs heat from the food inside.,q1_a,Why is understanding the refrigeration cycle more useful than knowing that a refrigerator keeps things cold?,"Refrigerators produce cold from nothing, so there is no mechanism to explain.",A mechanism explains the cause-and-effect chain and allows prediction in new situations.,"All appliances work the same way, so understanding one mechanism explains nothing new.",q2_b,"If the refrigerant fluid in a refrigerator leaked out completely, what would you predict would happen?",The fridge would cool more efficiently because air conducts cold better than refrigerant.,The compressor would produce more electrical energy to compensate for the missing refrigerant.,The refrigerator would stop cooling because there is no fluid to carry heat away from inside.,q3_c
11,7,Why do shadows change during the day?,What is the main reason shadows change length and direction during the day?,The Moon's gravitational pull bends sunlight differently at different times of the day.,"As the Earth rotates, the Sun's apparent position in the sky changes, altering the angle of light and therefore the shadow's length and direction.",Shadows change because the temperature of the air bends light rays by different amounts.,q1_b,Why is understanding Earth's rotation more useful than just observing that shadows move?,A mechanism explains the cause-and-effect chain and allows prediction in new situations.,"Shadows are caused by clouds, so Earth's rotation plays no role in their movement.",Shadow movement is random and cannot be predicted by any mechanism.,q2_a,"If you measured the length of your shadow at noon and again at 4 PM, what would you predict?",The shadow would be longer at noon because the Sun is directly overhead and very hot.,The shadow would be longer at 4 PM because the Sun is lower in the sky at that time.,The shadow would be the same length because the Sun moves at a constant speed.,q3_b
12,7,How does a mirror produce your image?,What is the mechanism by which a flat mirror produces a reflection of your face?,"Light rays from your face hit the smooth mirror surface and bounce back at equal but opposite angles, forming a virtual image.",Mirrors contain a thin film of glass that stores a photographic imprint of whatever is in front of it.,The silver coating in a mirror emits its own light shaped like the object placed in front of it.,q1_a,Why is understanding how light reflects off mirrors more useful than knowing mirrors show your image?,"All surfaces reflect light equally, so the mechanism of mirrors is not unique.",A mechanism explains the cause-and-effect chain and allows prediction in new situations.,Mirror reflections are an optical illusion and cannot be explained by a mechanism.,q2_b,"If you covered a mirror with a rough, uneven coating, what would you predict would happen to the reflection?",The image would become sharper because rough surfaces scatter light more precisely.,The image would become blurry or disappear because the rough surface scatters light in many directions.,The image would become brighter because roughness increases the amount of light reflected.,q3_b
13,7,Why does sound disappear in space?,What is the main reason sound cannot travel through space?,Sound disappears in space because the cold temperature freezes the sound waves instantly.,Gravity in space is too weak to carry sound vibrations between objects.,Sound is a mechanical wave that needs a medium of particles to travel through; space is a vacuum with no particles.,q1_c,Why is understanding that sound needs a medium more useful than just knowing sound cannot travel in space?,"Sound actually travels faster in space than on Earth, so the medium does not matter.",A mechanism explains the cause-and-effect chain and allows prediction in new situations.,"Space is full of invisible gas, so the explanation about a vacuum is incorrect.",q2_b,"If astronauts in space suits needed to communicate, what would you predict would work and what would not?",Shouting loudly would work because space suits amplify sound vibrations significantly.,Tapping helmets together would be enough because vibrations travel well through any vacuum.,Radio waves would work but direct voice communication through the vacuum would fail.,q3_c
14,7,How does your ear turn sound into signals?,What is the mechanism by which the ear converts sound waves into nerve signals?,Sound waves make the eardrum vibrate; tiny bones amplify this vibration and the cochlea converts it to electrical nerve signals.,"Sound waves are absorbed by the ear canal lining, which contains chemical sensors that detect pitch.",The ear funnels sound into the brain directly through the auditory canal without any vibrating structures.,q1_a,Why is understanding the mechanism of hearing more useful than knowing that ears detect sound?,A mechanism explains the cause-and-effect chain and allows prediction in new situations.,The ear is too complex to have a mechanism; it works like a magic receiver.,"All animals hear identically, so understanding the human ear explains nothing new.",q2_a,"If the tiny bones (ossicles) inside a person's ear were damaged, what would you predict would happen?",The person would hear more clearly because fewer parts would interfere with sound transmission.,Hearing would be significantly reduced because vibrations could not be amplified and sent to the cochlea.,The eardrum would vibrate more strongly to compensate for the missing bone movement.,q3_b
15,7,Why does a bicycle stay upright?,What is the main mechanism that keeps a moving bicycle balanced upright?,Bicycles stay upright because the weight of the rider presses evenly on both sides of the frame.,A moving bicycle stays upright through gyroscopic effects of spinning wheels and the rider making small steering corrections.,The rubber tyres create a magnetic interaction with the road that prevents the bicycle from falling.,q1_b,Why is understanding the physics of bicycle balance more useful than knowing a bicycle stays upright?,A mechanism explains the cause-and-effect chain and allows prediction in new situations.,"Bicycles always fall over when stationary, so the mechanism only works when moving.","Balance is a skill only humans have, so the mechanism cannot be described scientifically.",q2_a,"If a bicycle were moving very slowly, what would you predict about its stability compared to a fast-moving bicycle?",A slow bicycle would be more stable because lower speed reduces vibrations in the wheels.,Speed has no effect on bicycle stability because the frame provides all the balance.,A slow bicycle would be less stable because the gyroscopic effect of spinning wheels is weaker at low speed.,q3_c
16,7,What makes electricity flow?,What causes electric current to flow through a conductor?,"Electricity flows because atoms in a wire vibrate and bump into each other, passing energy along.",Current flows because positive charges in the wire are attracted toward the negative terminal of a battery.,"A potential difference (voltage) pushes free electrons through a conductor, creating an electric current.",q1_c,Why is understanding voltage and electron flow more useful than knowing that electricity comes from a battery?,Batteries produce magic energy that cannot be explained by electron movement.,"Electrons never actually move in a wire; only energy moves, so the mechanism is irrelevant.",A mechanism explains the cause-and-effect chain and allows prediction in new situations.,q2_c,"If you connected a wire between the two terminals of a battery without any bulb or resistor, what would you predict?","A very large current would flow, heating the wire rapidly and quickly draining the battery.",No current would flow because a bulb is required to complete the circuit.,The battery would produce light instead of current because the circuit is incomplete.,q3_a
17,7,Why does a compass point north?,What is the main reason a compass needle always points toward magnetic north?,The North Star exerts a gravitational pull on the iron in compass needles pointing them northward.,"The Earth behaves like a giant magnet, and the compass needle aligns with Earth's magnetic field lines.",Compass needles are electrically charged and are attracted to the cold air found at the North Pole.,q1_b,Why is understanding Earth's magnetic field more useful than simply knowing a compass points north?,"A compass always points to true geographic north, so the magnetic field plays no role.",A mechanism explains the cause-and-effect chain and allows prediction in new situations.,"Magnetic fields are invisible and cannot be detected, so they are not useful to study.",q2_b,"If you placed a compass near a strong iron bar magnet, what would you predict would happen?",The compass would stop working because the iron would absorb all magnetic fields nearby.,The compass needle would be deflected from north and point toward the bar magnet's poles instead.,The compass needle would point toward geographic north even more accurately near the magnet.,q3_b
18,7,How do magnets work without touching?,What is the mechanism that allows magnets to attract or repel objects without physical contact?,Magnets release tiny invisible particles called magnetons that physically push or pull on other objects.,Magnets attract objects by generating a static electric charge on their surface that grips metal.,Magnets create an invisible magnetic field in the surrounding space; objects within this field experience a force.,q1_c,Why is understanding magnetic fields more useful than knowing that magnets attract iron?,A mechanism explains the cause-and-effect chain and allows prediction in new situations.,"Magnets only attract iron, so the field concept is unnecessary for other materials.","Magnetic forces only work when magnets are in direct contact, so fields are not real.",q2_a,"If you increased the distance between two attracting magnets, what would you predict would happen to the force between them?",The force would stay the same because magnetic fields are uniform throughout space.,The force would decrease because the magnetic field becomes weaker with increasing distance.,The force would increase because the magnetic field spreads out and becomes stronger farther away.,q3_b
19,7,Why does iron rust?,What is the chemical process that causes iron to rust?,"Iron absorbs carbon dioxide from the air, which breaks down its surface into a reddish powder.",Iron rusts because the heat from sunlight causes the metal atoms to break apart and turn red.,"Iron reacts with oxygen and water in the environment to form iron oxide, commonly known as rust.",q1_c,Why is understanding the chemistry of rusting more useful than knowing that iron turns reddish-brown?,Rust is only a colour change and does not involve any chemical reaction.,A mechanism explains the cause-and-effect chain and allows prediction in new situations.,"Rusting happens only in coastal areas, so the mechanism is not generally applicable.",q2_b,"If you coated an iron nail with a layer of paint before leaving it outside, what would you predict?",The nail would rust much more slowly because paint prevents oxygen and water from reaching the iron.,The nail would rust faster because paint traps moisture against the iron surface.,The nail would rust from the inside outward because paint blocks oxygen from escaping.,q3_a
20,7,What happens when food is digested?,What is the main process that happens when food is digested in the body?,Food is burned by stomach heat to release energy directly into the muscles.,Large food molecules are broken down by enzymes and acids into small nutrients that can be absorbed into the blood.,Food is compressed by the stomach into a liquid form that the body uses as fuel without chemical change.,q1_b,Why is understanding the enzyme-driven mechanism of digestion more useful than knowing food gets broken down?,A mechanism explains the cause-and-effect chain and allows prediction in new situations.,"Food is digested by heat alone, so enzymes play no role in the process.","Digestion is identical in all animals, so studying the mechanism adds no new knowledge.",q2_a,"If a person's body could not produce the enzyme amylase, what would you predict about their digestion of starch?",Starch would be digested faster because the body would use acids instead of enzymes.,"Starch would not be broken down into sugars, causing poor absorption of carbohydrate energy.",The person would absorb more starch directly through the stomach wall without breaking it down.,q3_b
21,7,How do vaccines teach the immune system?,What is the mechanism by which vaccines protect a person against disease?,Vaccines inject chemical antibiotics that remain in the blood and kill any invading bacteria or viruses.,"A vaccine introduces a harmless form of a pathogen, training the immune system to produce antibodies before real infection occurs.",Vaccines strengthen the skin barrier to prevent viruses from entering the body through cuts.,q1_b,Why is understanding how the immune system is trained by vaccines more useful than knowing vaccines prevent disease?,"Vaccines work instantly and permanently, so the training mechanism does not matter.",The immune system destroys all vaccines before they can have any effect on the body.,A mechanism explains the cause-and-effect chain and allows prediction in new situations.,q2_c,"If a vaccine only produced a very weak immune response, what would you predict about protection against the real disease?",The person would have inadequate protection because too few antibodies would be available to fight the real infection.,The person would be fully protected because even a small number of antibodies is enough.,The person would become immune faster because a weak response is less tiring for the body.,q3_a
22,7,Why do we get fever?,What is the main biological reason the body produces a fever when infected?,"Fever is caused by the body burning extra calories to produce antibodies, releasing heat as a by-product.",White blood cells generate fever to signal the brain to stop all normal body functions temporarily.,The immune system raises body temperature to slow the growth of pathogens and speed up immune cell activity.,q1_c,Why is understanding the purpose of fever more useful than knowing that body temperature rises during illness?,"Fever is always harmful and has no useful purpose, so there is no beneficial mechanism.",A mechanism explains the cause-and-effect chain and allows prediction in new situations.,Fever is caused only by environmental heat and has nothing to do with the immune system.,q2_b,"If a patient's fever became dangerously high (above 41°C), what would you predict about the risk to the body?","An extremely high fever would kill all pathogens instantly, curing the infection permanently.",An extremely high fever could damage brain cells and other tissues because proteins start to denature above safe temperatures.,A very high fever would boost the immune response so strongly that the body heals in hours.,q3_b
23,7,How do forests create rain?,What is the main mechanism by which forests contribute to rainfall?,"Trees release water vapour through transpiration; this vapour rises, cools, and condenses to form clouds that produce rain.",Forest soil absorbs rainwater and then shoots it upward as water vapour through tiny root pores.,Trees attract rain clouds magnetically because their tall canopies create an electrical charge in the atmosphere.,q1_a,Why is understanding the transpiration-precipitation cycle more useful than knowing forests produce rain?,A mechanism explains the cause-and-effect chain and allows prediction in new situations.,Rain is produced only by the ocean; forests have no effect on rainfall at all.,"All vegetation produces identical amounts of water vapour, so forests are not special.",q2_a,"If a large forest were completely cut down, what would you predict would happen to the local rainfall over time?",Rainfall would increase because bare land absorbs more solar energy and heats the air more.,Rainfall would remain unchanged because clouds form independently of the vegetation below them.,Rainfall would decrease because less transpiration means less water vapour available to form clouds.,q3_c
24,7,Why is the sky blue?,What is the main reason the sky appears blue during the day?,"The sky reflects blue light from the oceans, which cover most of the Earth's surface.",The atmosphere scatters blue light from sunlight more than other colours because blue has a shorter wavelength; this scattered blue light reaches our eyes from all directions.,Blue gas molecules in the upper atmosphere absorb all other colours of sunlight and emit only blue light.,q1_b,Why is understanding Rayleigh scattering more useful than just knowing the sky looks blue?,The sky is only blue in tropical countries; in other regions it is a different colour.,A mechanism explains the cause-and-effect chain and allows prediction in new situations.,"Light scattering is the same for all colours, so Rayleigh scattering explains nothing special.",q2_b,Why does the sky look red or orange during sunrise and sunset rather than blue?,The Sun produces more red light in the morning and evening because it is cooler at those times.,"Sunlight travels through more atmosphere near the horizon, scattering away most blue light and leaving red and orange.","Clouds reflect the orange colour of the ground, making the sky appear reddish near the horizon.",q3_b
25,7,How do clouds form?,What is the mechanism by which clouds form in the atmosphere?,Clouds form when wind carries water directly from the ocean surface into the upper atmosphere as droplets.,Water vapour in the atmosphere becomes heavy enough to clump together into visible clouds without needing to cool down.,"Warm moist air rises, cools at higher altitudes, and water vapour condenses around tiny dust particles to form cloud droplets.",q1_c,Why is understanding condensation and cloud formation more useful than knowing that clouds are made of water?,"Clouds are made of ice crystals in all conditions, so condensation plays no role in cloud formation.",A mechanism explains the cause-and-effect chain and allows prediction in new situations.,Cloud formation cannot be predicted because weather is entirely random.,q2_b,"If there were no dust particles in the atmosphere at all, what would you predict about cloud formation?",Cloud formation would be greatly reduced because water vapour needs particles as condensation nuclei to form droplets.,Clouds would form faster because clean air allows water vapour to condense more easily.,Clouds would be larger and darker because pure water droplets contain more energy.,q3_a
26,7,Why do earthquakes happen?,What is the main cause of earthquakes?,Earthquakes are caused by large underground explosions of volcanic gas trapped beneath the Earth's crust.,Earthquakes occur when underground rivers erode rock cavities until the ground above collapses inward.,Earthquakes occur when tectonic plates move and the stress built up along their boundaries is suddenly released as seismic energy.,q1_c,Why is understanding tectonic plate movement more useful than knowing that earthquakes shake the ground?,Tectonic plates do not move; earthquakes are caused entirely by human mining activities.,"All earthquakes are small and identical, so a detailed mechanism adds no value.",A mechanism explains the cause-and-effect chain and allows prediction in new situations.,q2_c,"If two tectonic plates had been locked together without moving for a very long time, what would you predict when they finally shifted?",A large earthquake would likely occur because enormous stress energy built up during the locked period would be released suddenly.,The plates would slide smoothly and cause no earthquake because the long rest reduced friction.,A small tremor would occur but no major earthquake because the plates had cooled down over time.,q3_a
27,7,How do volcanoes work?,What is the main mechanism that causes a volcano to erupt?,Volcanoes erupt when underground water reacts chemically with iron-rich rocks to produce explosive gas.,"Volcanic eruptions are caused by the Earth spinning, which flings hot material toward the surface near the equator.","Molten rock (magma) from inside the Earth rises through cracks in the crust due to pressure, reaching the surface as lava during an eruption.",q1_c,Why is understanding magma pressure and plate tectonics more useful than knowing volcanoes release lava?,A mechanism explains the cause-and-effect chain and allows prediction in new situations.,Volcanic eruptions are random events that cannot be explained by pressure or plate movement.,"All volcanoes erupt identically, so understanding the mechanism explains no differences between them.",q2_a,"If pressure inside a volcano continued to build without any eruption for a very long time, what would you predict?",An extremely powerful eruption would eventually occur when the pressure exceeded the strength of the surrounding rock.,The pressure would eventually stabilise on its own as the magma cooled and solidified underground.,The volcano would become extinct because old pressure dissipates without erupting.,q3_a
28,7,Could humans live on Mars?,What is the main challenge that makes it difficult for humans to live on Mars without special equipment?,Mars has too much gravity for human bones and muscles to function normally without collapsing.,"Mars has a very thin atmosphere with almost no oxygen, extreme cold temperatures, and high radiation levels that are lethal without protection.","Mars is covered entirely by liquid water oceans, making it impossible to build stable structures on the surface.",q1_b,Why is understanding the conditions on Mars more useful than simply knowing humans cannot currently live there?,A mechanism explains the cause-and-effect chain and allows prediction in new situations.,"Mars is identical to Earth in all conditions, so there are no challenges to understand.","Human space travel to Mars is impossible and will never happen, so studying conditions there is pointless.",q2_a,"If scientists successfully created a pressurised habitat with breathable air on Mars, what remaining challenge would colonists still face?",The colonists would face no further challenges because breathable air solves all survival problems on Mars.,Colonists would need to deal with Mars's very strong magnetic field disrupting all electronic equipment.,"Colonists would still face extreme cold, harmful radiation, dust storms, and the need to grow food with limited resources.",q3_c
29,7,What would happen if Earth stopped rotating?,What is the main effect Earth's rotation has on life and the environment?,Earth's rotation creates gravity by spinning; without it objects would float off the surface into space.,Earth's rotation powers photosynthesis in plants by ensuring every region receives equal amounts of sunlight each day.,"Earth's rotation creates the cycle of day and night, drives weather patterns through the Coriolis effect, and maintains the planet's oblate shape.",q1_c,Why is understanding the effects of Earth's rotation more useful than just knowing the Earth spins?,A mechanism explains the cause-and-effect chain and allows prediction in new situations.,"Earth's rotation has no effect on weather, time, or life — it only affects satellite orbits.","The Earth stopped rotating millions of years ago, so studying its current rotation is irrelevant.",q2_a,"If Earth suddenly stopped rotating, what would you predict would happen to a person standing on the surface?",The person would feel lighter because stopping rotation reduces centrifugal force on the equator.,The person would experience no immediate change because gravity alone keeps people on the ground.,"The person would be thrown forward at tremendous speed due to inertia, as the surface stopped but the person kept moving.",q3_c
30,7,The Ultimate Challenge: Design a self-sustaining space habitat,What is the central idea behind designing a self-sustaining space habitat?,A self-sustaining habitat is one that is built from materials found in space without using any Earth-manufactured components.,Self-sustainability in space means the habitat can operate for exactly one year before requiring a complete resupply mission.,"A self-sustaining habitat must recycle air, water, and waste while producing its own food and energy without resupply from Earth.",q1_c,Why is understanding the mechanism of closed-loop life support more useful than knowing a habitat needs air and food?,"Space habitats are supplied continuously from Earth, so closed-loop systems are unnecessary to study.",A mechanism explains the cause-and-effect chain and allows prediction in new situations.,"Oxygen in space can be captured directly from starlight, so understanding recycling is irrelevant.",q2_b,"If the plant-growing system in a space habitat failed, what would you predict would happen to the crew over time?",The crew would be unaffected because space habitats store enough packaged food for decades.,The habitat's recycling system would automatically convert carbon dioxide back into food for the crew.,"The crew would face food shortages and rising carbon dioxide levels, as plants provide both food and oxygen recycling.",q3_c
1,8,What actually happens when you eat food?,What is the correct sequence of digestion in the human body?,"Mouth, oesophagus, stomach, small intestine, large intestine","Mouth, stomach, oesophagus, large intestine, small intestine","Oesophagus, mouth, stomach, small intestine, large intestine",q1_a,Why is identifying the mechanism of digestion more useful than memorising the result?,Memorised facts are always accurate and never need updating,A mechanism explains the cause-and-effect chain and allows prediction,Results are easier to remember than mechanisms in biology,q2_b,"If a person's stomach produced no acid, what would you predict?",Food would be digested faster due to reduced friction,More nutrients would be absorbed in the large intestine instead,Protein digestion would be severely impaired,q3_c
2,8,The microscopic battle between bacteria and antibiotics,How do antibiotics kill or stop bacteria?,They target bacterial cell structures that human cells do not have,They heat the bloodstream to kill bacteria through thermal shock,They remove oxygen from tissues so bacteria cannot respire,q1_a,Why is understanding the mechanism of antibiotic resistance important?,It helps doctors memorise drug names more easily,"Mechanisms are only useful for chemistry, not biology",Knowing the mechanism helps predict and prevent resistance spreading,q2_c,"If antibiotics are overused, what would you predict about bacteria?",Bacteria would become larger and easier to detect under microscopes,Bacteria would lose their ability to reproduce as quickly,"Resistant bacteria would survive and multiply, making treatment harder",q3_c
3,8,How does your immune system recognize an enemy?,What does the immune system use to identify foreign invaders?,The colour of pathogens is detected by white blood cells,Body temperature rises and burns pathogens before recognition,Antigens on the surface of pathogens trigger immune recognition,q1_c,Why is understanding the immune recognition mechanism useful?,It allows doctors to memorise the names of all pathogens,"It explains how vaccines and immunity work, enabling predictions","Immune mechanisms only apply to bacterial infections, not viruses",q2_b,"If a person encountered a pathogen for the second time, what would you predict?",The immune response would be faster due to memory B cells,The immune response would be slower because antibodies degrade over time,The body would have no memory of the pathogen and react identically,q3_a
4,8,Why does your heart beat continuously?,What keeps the heart beating without conscious effort?,Muscles in the chest wall compress the heart rhythmically,The sinoatrial node generates electrical impulses that trigger contractions,Blood pressure forces the heart valves to open and close repeatedly,q1_b,Why is knowing the mechanism of the heartbeat more useful than just knowing it beats?,The heartbeat mechanism helps athletes run faster during exercise,Knowing the mechanism allows us to understand heart disease and treatments,Memorising the heartbeat rate is sufficient for all medical purposes,q2_b,"If the sinoatrial node were damaged, what would you predict?",The heart's rhythm would become irregular or stop,The heart would beat faster to compensate for reduced signal strength,Blood would circulate in the opposite direction through the veins,q3_a
5,8,How do neurons carry information?,How do neurons transmit signals along their length?,An electrical impulse called an action potential travels along the axon,Neurons pass solid chemical pellets along hollow tubes to the brain,Light signals travel through transparent neuron fibres to receptors,q1_a,Why is understanding the neural mechanism more useful than memorising nerve names?,It enables predictions about what happens when nerves are damaged,Nerve names are sufficient for understanding all neurological conditions,"Mechanisms only matter for motor neurons, not sensory neurons",q2_a,"If the myelin sheath around a neuron were damaged, what would you predict?",The neuron would generate stronger signals to overcome the damage,The neuron would switch to chemical transmission instead of electrical,"Signal transmission would slow down or fail, causing nerve disorders",q3_c
6,8,Why do we have fingerprints?,What is the primary function of fingerprint ridges on human skin?,Fingerprints regulate sweat distribution to keep palms dry,Fingerprint ridges improve grip by increasing friction between skin and objects,Fingerprint patterns identify nerves under the skin for better sensation,q1_b,Why is understanding why fingerprints exist more useful than just describing their patterns?,Pattern descriptions are sufficient for forensic science applications,"Fingerprint function only matters for primates, not humans specifically",Understanding function allows predictions about people who lack fingerprints,q2_c,"If fingerprint ridges were completely smooth, what would you predict?",People would develop stronger nails to compensate for grip loss,Sweat glands in the fingertip would become more active instead,Grip on smooth or wet surfaces would be significantly reduced,q3_c
7,8,The science of friction,What causes friction between two surfaces?,Friction is caused by static electricity attracting surfaces together,Microscopic irregularities on surfaces interlock and resist sliding motion,Air molecules trapped between surfaces push back against movement,q1_b,Why is knowing how friction works more useful than just knowing it slows things down?,"Understanding friction helps engineers design brakes, tyres, and lubricants",Knowing friction slows things down is enough for all engineering problems,"Friction mechanisms are only relevant to physics, not everyday engineering",q2_a,"If a lubricant were applied between two sliding surfaces, what would you predict?",Friction would decrease because the lubricant separates the surfaces,Friction would increase because the lubricant adds extra mass to surfaces,Surfaces would bond together as the lubricant hardens under pressure,q3_a
8,8,Why can a giant ship float?,What principle explains why a massive steel ship can float on water?,Steel becomes less dense when heated by the sun on open oceans,Archimedes' principle: the ship displaces water equal to its weight,Air currents beneath the hull push the ship upward like a wing,q1_b,Why does understanding buoyancy as a mechanism matter more than memorising that ships float?,Memorising that ships float is sufficient for all naval engineering,It lets engineers predict how much cargo a ship can safely carry,"Buoyancy mechanisms only apply to wooden boats, not steel ones",q2_b,"If a ship took on water and became denser than water overall, what would you predict?",The ship would sink because upthrust would no longer equal the total weight,The ship would rise higher in the water due to increased internal pressure,The ship's buoyancy force would increase to balance the extra weight,q3_a
9,8,How does pressure change with depth?,What happens to water pressure as you go deeper underwater?,Pressure decreases with depth because there is less air below the surface,Pressure stays constant at any depth because water is incompressible,Pressure increases with depth because the weight of water above increases,q1_c,Why is understanding the pressure-depth mechanism useful?,Memorising that deep water is dangerous is sufficient for all purposes,"Pressure mechanisms only matter for gases, not liquids like water",It helps predict safe diving depths and design submarines and pipelines,q2_c,"If a submarine descended to twice the depth, what would you predict about external pressure?",External pressure would remain the same because water density is constant,Pressure would decrease as colder water is less able to exert force,External pressure would approximately double due to greater water weight above,q3_c
10,8,Why does a balloon expand at high altitude?,Why does a sealed balloon get bigger when it rises to high altitude?,"Atmospheric pressure decreases at altitude, allowing the gas inside to expand",Warmer temperatures at altitude cause the rubber to stretch outward,Gravity decreases at altitude so gas molecules spread apart naturally,q1_a,Why is knowing the mechanism of gas expansion more useful than just observing it expands?,Observing the expansion is enough to design weather balloons accurately,It enables predictions about balloon volume at different altitudes or pressures,"Gas expansion mechanisms only apply to helium, not to air-filled balloons",q2_b,"If a balloon were taken deep underwater instead, what would you predict?",The balloon would shrink because increased pressure compresses the gas inside,The balloon would expand as water is denser and pushes gas outward,The balloon would stay the same size as water pressure is uniform,q3_a
11,8,How does a hydraulic lift lift a car?,What scientific principle makes a hydraulic lift able to lift a heavy car?,Bernoulli's principle: fast-moving fluid creates lift under the car,Pascal's law: pressure applied to a fluid is transmitted equally in all directions,Archimedes' principle: the oil displaces the car's weight upward,q1_b,Why is understanding Pascal's law more useful than just knowing hydraulics work?,Knowing hydraulics work is sufficient for designing all mechanical systems,"Pascal's law only applies to water, not to the oil used in hydraulics",It lets engineers calculate piston sizes needed to lift any given load,q2_c,"If the output piston area of a hydraulic lift were doubled, what would you predict?",The lift force would be halved because more area reduces the pressure,The fluid would flow backwards and the car would be lowered instead,"The lift force would double, allowing the system to lift twice the load",q3_c
12,8,How does an electric motor work?,What causes an electric motor to rotate?,"A current-carrying coil in a magnetic field experiences a force, causing rotation",Electric charge builds up on the coil and repels the outer casing,Heating of the wire by current causes it to expand and spin,q1_a,Why is understanding the motor mechanism more useful than knowing it spins?,It helps engineers design motors with the correct power and efficiency,Knowing the motor spins is sufficient for all electrical engineering work,"The motor mechanism only applies to DC motors, not AC motors",q2_a,"If the magnetic field in a motor were made stronger, what would you predict?",The motor would stop spinning because stronger fields oppose current flow,The motor would produce more torque and rotate with greater force,The motor coil would resist rotation due to greater electromagnetic induction,q3_b
13,8,How does a generator produce electricity?,What is the basic mechanism by which a generator produces electricity?,A generator stores static charge and releases it as a current when needed,Chemical reactions inside the generator convert stored energy directly to current,A coil rotating in a magnetic field induces an electric current by electromagnetic induction,q1_c,Why is understanding electromagnetic induction more useful than knowing generators make electricity?,Knowing generators make electricity is sufficient for all power engineering,"Induction mechanisms only apply to alternators, not to simple DC generators",It allows engineers to predict output voltage and design efficient power systems,q2_c,"If a generator's coil spun twice as fast, what would you predict about the output?",The output voltage would decrease because faster rotation weakens the field,The output would stay constant because voltage depends only on coil size,The output voltage and frequency would both increase,q3_c
14,8,Why does lightning happen?,What causes the electrical discharge we see as lightning?,Friction between raindrops and clouds produces heat that glows as lightning,Oxygen in clouds reacts with nitrogen and releases energy as a bright flash,Charge separation in clouds builds up until electrical discharge jumps to ground,q1_c,Why is understanding the charge-separation mechanism more useful than knowing lightning is dangerous?,Knowing lightning is dangerous is sufficient for all safety applications,"The mechanism only explains cloud-to-ground lightning, not cloud-to-cloud",It helps design lightning rods and predict storm behaviour accurately,q2_c,"If a tall metal rod were placed on a building during a storm, what would you predict?",The rod would attract more lightning and cause more damage to the building,The rod would repel lightning by creating a magnetic field around the building,Lightning would strike the rod and safely conduct charge to the ground,q3_c
15,8,How does a mobile phone transmit information?,How does a mobile phone send information wirelessly?,It sends electrical pulses through underground copper cables to towers,It converts data into electromagnetic radio waves that travel to a cell tower,It beams laser light signals directly to satellites in low orbit,q1_b,Why is understanding radio wave transmission more useful than knowing phones communicate?,"It helps engineers improve signal strength, bandwidth, and network coverage",Knowing phones communicate wirelessly is sufficient for all telecom work,"Radio wave mechanisms only apply to older 2G networks, not 4G or 5G",q2_a,"If you moved to an area with no cell towers nearby, what would you predict?",The phone would automatically switch to satellite mode for full signal,Signal strength would drop and calls and data would fail or disconnect,Phone signals would become stronger as they spread out more in open space,q3_b
16,8,What is actually happening inside a chemical reaction?,What actually happens at the molecular level during a chemical reaction?,Atoms are destroyed and new atoms are created from energy in the reaction,"Bonds between atoms break and new bonds form, creating different substances",Molecules are compressed until they merge into a new larger molecule,q1_b,Why is understanding bond-breaking and bond-forming more useful than memorising reaction products?,It allows prediction of energy changes and products in new reactions,Memorising products is sufficient since all reactions behave the same way,"Bond mechanisms only apply to organic chemistry, not inorganic reactions",q2_a,"If a catalyst were added to a chemical reaction, what would you predict?",The reaction would stop because catalysts block bond-breaking pathways,New atoms would form because catalysts provide extra chemical energy,The reaction would speed up as the catalyst lowers activation energy,q3_c
17,8,Why does fire need oxygen?,Why is oxygen essential for fire to burn?,Oxygen cools the fuel so it does not overheat and extinguish itself,Oxygen carries the flame from one fuel molecule to the next by conduction,"Oxygen reacts with fuel in combustion, releasing heat and light energy",q1_c,Why is understanding combustion mechanism more useful than knowing fire needs oxygen?,Knowing fire needs oxygen is enough to understand all fire safety situations,"It helps predict what conditions will start, sustain, or extinguish a fire","Combustion mechanisms only apply to wood fires, not to gas or liquid fuels",q2_b,"If all oxygen were removed from around a burning candle, what would you predict?",The flame would go out immediately because combustion cannot continue,The candle would burn more slowly but continue for several more minutes,The flame would get smaller but stabilise once it adapts to lower oxygen,q3_a
18,8,Why do metals conduct electricity?,What property of metals allows them to conduct electricity?,"Metals are dense, so charge squeezes through the material under pressure",Metals have free electrons that move easily through the atomic lattice,Metal atoms are positively charged and attract current from the source,q1_b,Why is knowing about free electrons more useful than just knowing metals conduct?,Knowing metals conduct is sufficient to design all electrical circuits,"Free electron theory only explains conductivity in copper, not all metals",It predicts how temperature and impurities affect conductivity in metals,q2_c,"If a metal were heated to very high temperature, what would you predict about its resistance?",Resistance would decrease because heat gives electrons more energy to move,Resistance would increase because atomic vibrations disrupt electron flow,Resistance would stay the same as temperature does not affect electrons,q3_b
19,8,How is steel different from iron?,What makes steel stronger than pure iron?,"Steel contains carbon atoms that fill gaps in the iron lattice, blocking dislocations","Steel is heated at higher temperatures, which permanently increases its density","Steel has fewer iron atoms per unit area, making it lighter and more flexible",q1_a,Why does understanding the iron-carbon structure matter more than knowing steel is stronger?,Knowing steel is stronger is sufficient for all construction and engineering,"The structural difference only matters for high-carbon steel, not mild steel",It allows metallurgists to predict how changing carbon content alters properties,q2_c,"If too much carbon were added to iron, what would you predict about the resulting material?",The material would become even stronger and more ductile than normal steel,"The extra carbon would be expelled as carbon dioxide, returning it to iron",The material would become very brittle and crack easily under stress,q3_c
20,8,Plastics: miracle material or environmental problem?,What is the main reason plastics persist so long in the environment?,Plastics contain toxins that kill the bacteria needed to decompose them,Plastics are always coated with wax that prevents moisture from entering,Most plastics are non-biodegradable polymers that microbes cannot break down,q1_c,Why is understanding the chemistry of plastic degradation important?,Knowing plastic lasts long is sufficient for all environmental planning,"Degradation chemistry only matters for single-use plastics, not durable ones",It guides development of biodegradable alternatives and recycling strategies,q2_c,"If a biodegradable plastic were designed using natural polymers, what would you predict?","Microbes could break it down naturally, reducing long-term environmental pollution",It would last longer than regular plastic because natural polymers are stronger,Microbes would still be unable to break it down because the shape is similar,q3_a
21,8,How do crops get nitrogen?,How do most crops obtain the nitrogen they need to grow?,"Nitrogen is absorbed from soil as nitrates via roots, often aided by bacteria",Crops absorb nitrogen gas directly from the air through their leaves,Nitrogen enters plants through photosynthesis when sunlight splits nitrogen gas,q1_a,Why is understanding the nitrogen cycle mechanism more useful than knowing plants need nitrogen?,It explains why crop rotation and fertilisers improve agricultural yields,Knowing plants need nitrogen is enough to manage all farmland effectively,"Nitrogen mechanisms only matter for legumes, not for grains like wheat",q2_a,"If nitrogen-fixing bacteria were removed from the soil, what would you predict?",Soil nitrogen levels would drop and crops would suffer from nitrogen deficiency,Plants would absorb more atmospheric nitrogen to compensate for the loss,Soil nitrogen levels would stay constant as rainfall deposits enough nitrogen,q3_a
22,8,Why are some animals disappearing?,What is the leading cause of animal species becoming endangered today?,Genetic mutations are making animals less able to survive natural conditions,Habitat destruction reduces living space and food sources for wildlife,Competition between species has recently increased due to climate cooling,q1_b,Why is understanding extinction mechanisms more useful than listing endangered species?,Species lists are sufficient to plan all conservation efforts worldwide,Mechanisms help conservationists target the root causes and reverse decline,"Extinction mechanisms only apply to large mammals, not insects or plants",q2_b,"If a keystone species disappeared from an ecosystem, what would you predict?","Multiple species that depended on it would decline, disrupting the ecosystem",Other species would quickly evolve to fill the role and restore balance,Only the immediate prey species would be affected; predators would adapt,q3_a
23,8,How does a food chain work?,What does a food chain show about energy in an ecosystem?,A food chain shows the physical paths animals travel when searching for food,A food chain records the order in which animals appeared during evolution,A food chain shows how energy and nutrients are transferred from producers to consumers,q1_c,Why is understanding energy transfer in a food chain useful?,Knowing which animals eat which others is sufficient for ecology studies,"Energy transfer only matters in marine food chains, not terrestrial ones",It helps predict population sizes and the impact of removing one species,q2_c,"If all herbivores in a food chain disappeared, what would you predict?",Carnivores would switch directly to eating plants and survive without issue,"Carnivores would lose their food source and decline, while plants overgrew",Plant populations would decrease because herbivores provide essential nutrients,q3_b
24,8,What happens when an ecosystem loses one species?,What is a trophic cascade in an ecosystem?,When a new species enters and immediately occupies the top of the food chain,When removing one species causes a chain reaction affecting many other species,When flooding events rearrange species populations across large areas,q1_b,Why is understanding species interdependence more useful than knowing a species is gone?,Recording that a species is extinct is sufficient for ecological management,"Interdependence only matters in tropical rainforests, not temperate ecosystems",It allows scientists to predict and prevent collapse of entire ecosystems,q2_c,"If wolves were reintroduced to an ecosystem where they had been absent, what would you predict?","Deer populations would decline, allowing vegetation to recover along riverbanks",Only deer populations would be affected; all other species would be unchanged,Wolves would compete with herbivores directly and reduce plant diversity,q3_a
25,8,How does rainwater become groundwater?,How does rainwater become groundwater stored underground?,Rainwater is absorbed by tree roots and stored in underground hollow trunks,Rainwater infiltrates through permeable soil and rock layers into aquifers,Rainwater evaporates and then condenses in underground caves as groundwater,q1_b,Why is understanding the infiltration mechanism more useful than knowing groundwater exists?,Knowing groundwater exists is sufficient for all water management decisions,It helps predict aquifer recharge rates and sustainable water extraction limits,"Infiltration only matters in sandy soils, not in clay-rich or rocky terrain",q2_b,"If forests covering a hillside were cleared, what would you predict about groundwater recharge?","More rain would reach the soil directly, increasing groundwater recharge",Groundwater levels would stay the same because rainfall amount is unchanged,"Surface runoff would increase and infiltration would decrease, reducing recharge",q3_c
26,8,Why do cyclones rotate?,What causes a cyclone to rotate rather than move straight inward?,"Warm ocean water heats air unevenly, pushing it into a spinning column",High-altitude jet streams catch rising air and force it into a circular path,"The Coriolis effect from Earth's rotation deflects winds, causing circular motion",q1_c,Why is understanding the Coriolis effect and pressure gradient more useful than knowing cyclones spin?,Knowing cyclones spin is enough to issue storm warnings to coastal areas,"It enables accurate prediction of cyclone paths, intensity, and timing","Rotation mechanisms only explain cyclones, not anticyclones or tornadoes",q2_b,"If a cyclone crossed the equator, what would you predict about its rotation?",It would accelerate because the equator has the strongest Coriolis effect,It would weaken and dissipate because the Coriolis effect is zero at the equator,It would maintain its original rotation direction as momentum is conserved,q3_b
27,8,How do satellites stay in orbit?,Why doesn't a satellite fall to Earth even though gravity pulls on it?,The satellite reaches an altitude where gravity is too weak to pull it down,Solar panels on the satellite produce thrust that counteracts gravitational pull,The satellite moves so fast sideways that it keeps falling around Earth's curve,q1_c,Why is understanding orbital mechanics more useful than just knowing satellites stay up?,Knowing satellites stay in orbit is sufficient for all space mission planning,"Orbital mechanics only apply to large satellites, not to small cubesats",It allows engineers to calculate correct launch speeds and orbital altitudes,q2_c,"If a satellite were slowed down significantly by atmospheric drag, what would you predict?",The satellite would move to a higher orbit because lower speed saves fuel,The satellite's orbit would decay and it would eventually fall back to Earth,The satellite would orbit in a wider ellipse but remain at the same altitude,q3_b
28,8,Why doesn't the Moon fall onto Earth?,Why doesn't the Moon crash into Earth despite gravity pulling them together?,The Moon's orbital speed creates a balance between gravity and inertia,The Moon is pushed away from Earth by the solar wind balancing gravity,Earth's gravity is too weak at that distance to pull the Moon,q1_a,Why is understanding orbital balance more useful than knowing the Moon stays in the sky?,Knowing the Moon stays up is sufficient for all astronomy and tidal studies,"Orbital balance only applies to natural moons, not to artificial satellites",It explains how any orbiting body can be stable and predicts orbital changes,q2_c,"If the Moon's orbital speed suddenly decreased, what would you predict?",The Moon would move to a higher orbit due to reduced centripetal acceleration,The Moon would spiral inward toward Earth as gravity overcame its inertia,Earth's gravity would weaken proportionally to maintain the Moon's orbit,q3_b
29,8,Could we build a city underwater?,What is the greatest engineering challenge for building a city underwater?,Finding enough sand on the ocean floor to build foundations,Generating enough heat to keep inhabitants warm in deep water,Withstanding enormous water pressure that increases with depth,q1_c,Why is understanding fluid pressure mechanisms important for underwater city design?,Knowing water is heavy is sufficient to plan all underwater construction,It determines the structural materials and wall thickness needed for safety,"Pressure mechanisms only matter for military submarines, not civilian structures",q2_b,"If an underwater habitat were built at twice the depth, what would you predict about its walls?",Much thicker and stronger walls would be needed to withstand doubled pressure,Thinner walls would be needed as deeper water provides extra structural support,Wall thickness would remain the same if the same waterproof material is used,q3_a
30,8,Ultimate Challenge: Design a future sustainable city,What is the central goal when designing a sustainable city?,Meeting all human needs while minimising resource use and environmental impact,Building as many tall buildings as possible to house the largest population,Using the most advanced technology regardless of energy or material cost,q1_a,Why is a systems-thinking approach more useful than solving one problem at a time?,Sustainable city systems are interconnected; fixing one part affects all others,Solving individual problems one by one is the most efficient design strategy,Systems thinking only applies to large cities with over one million residents,q2_a,"If a sustainable city removed all cars and relied only on cycling and walking, what would you predict?",Air quality and public health would improve and carbon emissions would drop,Air pollution would increase because more people outdoors release more CO2,Energy demand would increase because more lighting would be needed on paths,q3_a
1,9,What is matter really made of?,Which best describes what matter is made of at its most fundamental level?,"Matter is made of continuous, unbroken fluid that fills all space",Matter is made of invisible waves that have no mass,Matter is made of tiny particles called atoms and molecules,q1_c,Why is identifying the mechanism more useful than just memorising the result?,A mechanism explains cause-and-effect and allows prediction in new situations,Mechanisms are shorter to write and easier to remember in exams,Mechanisms are always visible so they are easier to verify directly,q2_a,"If the number of particles in a fixed space were doubled, what would you predict?",The particles would slow down and stop moving entirely,The density of matter would increase and collisions between particles would rise,The particles would merge into one large continuous substance,q3_b
2,9,Why do particles move even when you can't see them?,What is the main reason particles in matter are always in motion?,Particles possess kinetic energy and move continuously at all temperatures above absolute zero,Particles are pushed by gravity which keeps them vibrating constantly,Particles move only when an external force such as wind acts on them,q1_a,Why is knowing the mechanism of particle motion more useful than just knowing they move?,A mechanism explains cause-and-effect and allows prediction in new situations,It saves time because you only need to learn one fact about motion,Mechanisms are easier to draw in diagrams than descriptions of motion,q2_a,"If temperature were lowered toward absolute zero, what would happen to particle motion?",Particle motion would increase because cold particles vibrate more rapidly,Particle motion would stay constant because temperature does not affect speed,Particle motion would approach zero as thermal energy is removed from the system,q3_c
3,9,How does diffusion work?,What correctly describes diffusion?,Diffusion is the movement of water molecules only through a semipermeable membrane,Diffusion is the net movement of particles from high concentration toward low concentration,Diffusion is the process by which particles clump together under gravitational attraction,q1_b,Why is understanding the mechanism of diffusion more useful than memorising the definition?,"Definitions are hard to remember, while mechanisms can be guessed from context",A mechanism explains cause-and-effect and allows prediction in new situations,Mechanisms are tested less frequently in school examinations than definitions,q2_b,"If temperature were increased, what would you predict about the rate of diffusion?",Diffusion would slow down because higher temperature makes particles too energetic to spread,Diffusion would stop because particles become too heavy at high temperatures,Diffusion would speed up because higher temperature increases particle kinetic energy,q3_c
4,9,Why does temperature change particle motion?,What is the relationship between temperature and the kinetic energy of particles?,Temperature measures the total potential energy stored in chemical bonds between particles,Temperature is a measure of the average kinetic energy of particles in a substance,Temperature measures the number of particles present in a given volume of substance,q1_b,Why is identifying the mechanism linking temperature and particle motion important?,It allows students to skip calculations and focus on written descriptions only,A mechanism explains cause-and-effect and allows prediction in new situations,It is required only for physics and not for chemistry or biology topics,q2_b,"If a gas were cooled significantly, what change in particle motion would you predict?",The particles would gain energy and collide more forcefully with container walls,The particles would slow down and may eventually condense into a liquid or solid,The particles would reorganise into a new element with different chemical properties,q3_b
5,9,Atoms: the tiny building blocks of everything,Which statement best describes an atom?,An atom is a cluster of molecules held together by surface tension forces,An atom is the smallest unit of an element retaining that element's chemical properties,An atom is a unit of energy that cannot be divided by any known process,q1_b,Why is understanding how atoms behave more useful than just memorising their definition?,"Definitions are optional knowledge, while behaviour is tested in every examination",Atomic behaviour is simpler to learn because it involves only three rules,A mechanism explains cause-and-effect and allows prediction in new situations,q2_c,"If the number of protons in an atom were changed, what would you predict?",The mass of the atom would stay identical because protons have negligible mass,The atom would become a different element with different chemical properties,The atom's electron shells would collapse because electrons depend on neutrons,q3_b
6,9,How was the atom discovered?,"Which experiment provided the first evidence that the atom has a small, dense, positively charged nucleus?","Dalton's law experiment, where gases combined in fixed volume ratios at constant pressure","Thomson's cathode ray experiment, which showed that electrons orbit the nucleus in shells","Rutherford's gold foil experiment, where alpha particles were deflected at large angles",q1_c,Why is knowing the mechanism of the gold foil experiment more valuable than memorising its result?,A mechanism explains cause-and-effect and allows prediction in new situations,Results change every year but mechanisms stay constant and are never re-examined,The mechanism involves maths which is more reliable than descriptive results,q2_a,"If all alpha particles had passed straight through the gold foil without deflection, what would that predict?",The nucleus would be confirmed to be large and spread throughout the atom,The experiment would show that electrons repel alpha particles near the surface,"The atom would likely have no dense nucleus, contradicting the nuclear model",q3_c
7,9,Why are some atoms radioactive?,What causes an atom to be radioactive?,An unstable nucleus spontaneously emits radiation to achieve a more stable nuclear configuration,An atom becomes radioactive when it gains extra electrons from a nearby charged object,Radioactivity occurs when atoms absorb too much sunlight and re-emit it as particles,q1_a,Why is identifying the mechanism of radioactive decay more useful than just knowing it emits radiation?,Knowing radiation exists is sufficient for safety; mechanisms are only for scientists,A mechanism explains cause-and-effect and allows prediction in new situations,The mechanism helps calculate tax on nuclear materials in industrial settings,q2_b,"If a radioactive isotope lost neutrons until its nucleus became stable, what would you predict?",The atom would continue emitting stronger and stronger radiation indefinitely,The rate of radioactive emission would decrease and eventually the atom would become stable,The atom would split into two equal halves and both halves would remain radioactive,q3_b
8,9,What makes an element different from another?,What property uniquely identifies and distinguishes one element from all others?,The colour and texture of the element in its solid form at room temperature,The total mass of the element including all isotopes averaged across the periodic table,"The number of protons in the nucleus, the atomic number, uniquely defines each element",q1_c,Why is understanding the mechanism that makes elements different more valuable than listing their properties?,A mechanism explains cause-and-effect and allows prediction in new situations,"Properties change with temperature, making them less reliable than any mechanism",Listing properties is required for industrial applications while mechanisms are theoretical,q2_a,"If two atoms had the same number of protons but different numbers of neutrons, what would you predict?",They would be completely different elements with entirely different chemical behaviours,They would be oppositely charged ions that attract each other strongly in solution,They would be isotopes of the same element with slightly different masses but similar chemistry,q3_c
9,9,How do chemical bonds hold matter together?,What is the correct description of how ionic bonds form?,Ionic bonds form when two atoms share electrons equally in overlapping outer orbitals,Ionic bonds form when atoms merge their nuclei together under high temperature and pressure,"Ionic bonds form when one atom transfers electrons to another, creating attracting oppositely charged ions",q1_c,Why is knowing the mechanism of chemical bonding more useful than memorising bond definitions?,"Bond definitions are too long to memorise, so mechanisms replace them in advanced study",A mechanism explains cause-and-effect and allows prediction in new situations,Mechanisms are shorter and therefore easier to write in limited examination time,q2_b,"If an atom with one outer electron bonded with an atom that needed one electron, what would form?","An ionic compound where the electron transfers, forming a positive and negative ion pair",A covalent compound where both atoms share their electrons equally across all shells,A metallic lattice because single-electron atoms always form metallic structures,q3_a
10,9,Why does mass stay conserved in a reaction?,What does the law of conservation of mass state about a chemical reaction?,Mass increases in every reaction because energy is converted into additional matter,Mass is conserved only in physical changes but always changes in chemical reactions,Total reactant mass equals total product mass; atoms are neither created nor destroyed,q1_c,Why is understanding the atomic mechanism of mass conservation more useful than just stating the law?,"The law is outdated, so the mechanism provides a more modern and accurate description",A mechanism explains cause-and-effect and allows prediction in new situations,Memorising the law is sufficient for all practical laboratory and industrial purposes,q2_b,"If a metal burned completely in air and the ash seemed lighter, what prediction explains this correctly?",Some atoms were destroyed in the intense heat of the combustion reaction,Some product gases escaped into the air; total mass including gases is still conserved,"The metal released protons that escaped into the atmosphere, reducing its mass",q3_b
11,9,How does your body obtain energy from food?,What process does the body use to release energy from glucose for cellular use?,"Cellular respiration breaks down glucose using oxygen, releasing energy stored as ATP",Digestion converts glucose directly into electricity that powers muscle contractions,Photosynthesis in red blood cells converts glucose into usable heat energy,q1_a,Why is knowing the mechanism of energy release more useful than just knowing food gives energy?,A mechanism explains cause-and-effect and allows prediction in new situations,"Food labels describe energy content, making mechanism knowledge unnecessary in practice",Mechanisms are only relevant for athletes and not for average healthy individuals,q2_a,"If oxygen supply to cells were cut off, what would you predict about energy production?",Energy production would increase because cells switch to a more efficient pathway,Energy production would remain normal because mitochondria store enough reserve oxygen,Aerobic respiration would stop and cells would rely on less efficient anaerobic respiration,q3_c
12,9,The architecture of a cell,Which structure controls all activities of the cell and contains its genetic material?,"The nucleus, which houses DNA and directs all cellular processes and protein synthesis","The mitochondria, which store DNA and control the cell's metabolic rate and growth","The cell membrane, which acts as a command centre regulating all internal chemical signals",q1_a,Why is understanding how cell organelles interact more useful than listing them separately?,"Listing organelles is only required for diagrams, not for explanatory written answers","Interaction data changes frequently, so understanding lists is more reliable long-term",A mechanism explains cause-and-effect and allows prediction in new situations,q2_c,"If the cell membrane were made completely impermeable, what would you predict?",The cell would grow faster because more nutrients would be retained inside permanently,The cell would die because nutrients could not enter and waste products could not leave,The nucleus would compensate by producing more enzymes to sustain internal reactions,q3_b
13,9,Mitochondria: the cell's power plants,What is the primary function of mitochondria in a cell?,Mitochondria store genetic instructions and direct the production of new proteins in the cell,"Mitochondria carry out aerobic respiration to produce ATP, the cell's main energy currency",Mitochondria produce glucose from carbon dioxide through a process similar to photosynthesis,q1_b,Why is understanding the mechanism of ATP production more valuable than just knowing mitochondria make energy?,"Energy production is obvious from eating food, so the mechanism adds no extra information",ATP production mechanisms are only relevant to professional biochemists in research labs,A mechanism explains cause-and-effect and allows prediction in new situations,q2_c,"If a cell had no mitochondria, what would you predict about its energy production?",The cell would produce more energy by absorbing sunlight directly through the membrane,The cell could not perform aerobic respiration and would have greatly reduced energy supply,The cell would produce energy normally using the nucleus as an alternative power centre,q3_b
14,9,Why is DNA so important?,Why is DNA described as the blueprint of an organism?,DNA provides energy for cellular reactions by breaking down into glucose molecules when needed,DNA controls the heartbeat by sending electrical signals directly to muscle cells,DNA contains genetic instructions that determine the structure and function of all proteins,q1_c,Why is understanding how DNA encodes information more useful than just knowing DNA is important?,A mechanism explains cause-and-effect and allows prediction in new situations,DNA importance is taught in all grades so no mechanism is needed beyond basic awareness,Knowing DNA is important is enough for answering most biology examination questions,q2_a,"If a mutation changed the DNA sequence in a gene, what would you predict?",The DNA would repair itself immediately using enzymes that reverse all mutations automatically,The protein produced from that gene could have an altered structure and function,The mutation would have no effect because DNA is protected by a waterproof sheath,q3_b
15,9,How do cells divide?,What process allows body cells to divide and produce two identical daughter cells?,"Meiosis, in which the cell splits into four cells each with a completely unique genetic code","Mitosis, in which the cell duplicates its chromosomes and then splits into two genetically identical cells","Osmosis, in which the cell absorbs water until it is large enough to spontaneously divide in two",q1_b,Why is knowing the step-by-step mechanism of cell division more useful than just knowing cells divide?,A mechanism explains cause-and-effect and allows prediction in new situations,Cell division happens automatically so only medical doctors need to understand its mechanism,"Step-by-step knowledge is only needed for laboratory practicals, not written answers",q2_a,"If chromosomes failed to separate correctly during cell division, what would you predict?",The cell would divide more quickly because fewer chromosomes are easier to separate,"Daughter cells could end up with the wrong number of chromosomes, possibly causing disease",The cell would immediately enter meiosis instead to compensate for the error,q3_b
16,9,Why do organisms need tissues?,What is the main advantage of organising cells into tissues in a multicellular organism?,Tissues protect individual cells from damage by surrounding them with fluid-filled cushions,Tissues allow groups of specialised cells to perform a specific function more efficiently together,Tissues allow cells to reproduce faster by sharing genetic material between neighbouring cells,q1_b,Why is understanding how tissues enable specialisation more valuable than just knowing they exist?,A mechanism explains cause-and-effect and allows prediction in new situations,Tissue names are not tested in examinations so understanding their existence is sufficient,Tissues are the same in all organisms so one example is enough for complete understanding,q2_a,"If all cells in an organism were identical and unspecialised, what would you predict?",The organism would be more adaptable because each cell could perform any needed function,Growth would accelerate because identical cells divide faster than specialised cells,Complex functions such as digestion and nerve signalling could not operate efficiently,q3_c
17,9,How does your brain communicate with your body?,How does the brain send signals to muscles and organs throughout the body?,The brain releases chemicals directly into the bloodstream that travel to all cells simultaneously,The brain sends electrical impulses along nerve cells through the nervous system to target organs,The brain uses magnetic fields to remotely control muscle fibres without any physical connection,q1_b,Why is understanding the mechanism of nerve signal transmission more useful than knowing the brain controls the body?,Understanding control is enough; transmission details are only relevant to neurologists,A mechanism explains cause-and-effect and allows prediction in new situations,Nerve transmission is too complex for Class 9 so simplified descriptions are more practical,q2_b,"If a nerve pathway between the brain and a limb were damaged, what would you predict?","Signals could not travel to the limb, causing loss of movement or sensation in that area",The brain would find an alternative magnetic route to continue controlling the limb,The limb would generate its own electrical signals to compensate for the lost connection,q3_a
18,9,What exactly is force?,What is the correct scientific definition of force?,Force is the stored energy inside an object that is released when the object moves,"Force is a push or pull that can change the state of motion, shape, or speed of an object",Force is the weight of an object measured in kilograms on a standard balance,q1_b,Why is understanding how force produces change more useful than just defining force?,Definitions are only useful in theory while force calculations are only done by engineers,A mechanism explains cause-and-effect and allows prediction in new situations,Force is self-evident from everyday experience so no mechanism needs to be studied,q2_b,"If two equal forces acted on an object from opposite directions, what would you predict?",The net force would be zero and the object would remain stationary or continue at constant velocity,The object would accelerate rapidly because two forces are always stronger than one,The object would vibrate between the two forces with increasing frequency over time,q3_a
19,9,Why do objects resist changes in motion?,What property of matter causes objects to resist changes in their state of motion?,Inertia is the tendency of an object to resist any change in its state of rest or uniform motion,Friction is the property that prevents all objects from moving unless pushed continuously,Gravity is the force that holds objects in place and resists any attempt to move them,q1_a,Why is understanding the mechanism of inertia more useful than just stating objects resist motion changes?,Inertia is obvious from daily life so the mechanism only matters in advanced physics courses,A mechanism explains cause-and-effect and allows prediction in new situations,The mechanism of inertia only applies to objects heavier than 1 kilogram in practice,q2_b,"If the mass of an object were doubled, what would you predict about its inertia?",Its inertia would decrease because heavier objects are harder to move so they stop sooner,"Its inertia would double, requiring twice the force to produce the same change in motion",Its inertia would stay exactly the same because inertia depends only on velocity,q3_b
20,9,How does gravity actually work?,What correctly describes Newton's law of universal gravitation?,"Gravity only acts between planets and stars, not between smaller everyday objects around us",Gravity is a magnetic force produced by the iron core of large objects like Earth,Every object with mass attracts every other mass; force increases with mass and decreases with distance squared,q1_c,Why is understanding the mechanism of gravity more useful than just knowing objects fall?,A mechanism explains cause-and-effect and allows prediction in new situations,Falling is an obvious observation so no further explanation is needed beyond daily experience,"Gravity mechanism is only needed by astronauts and satellite engineers, not students",q2_a,"If the distance between two objects were tripled, what would happen to the gravitational force between them?",The gravitational force would decrease to one-ninth of its original value,The gravitational force would decrease to one-third of its original value,The gravitational force would increase because larger distances allow gravity to build up,q3_a
21,9,Why does the Moon orbit Earth?,What keeps the Moon in its orbit around Earth rather than flying off into space?,The Moon is held in orbit by the magnetic field generated by Earth's molten iron core,The Moon stays in orbit because it moves at exactly the speed where friction from space balances its motion,"Earth's gravity continuously pulls the Moon inward, acting as the centripetal force that maintains its orbit",q1_c,Why is understanding the gravitational mechanism of orbit more useful than just knowing the Moon circles Earth?,"Orbital facts are static knowledge that never changes, so no mechanism is needed",The Moon's orbit was calculated by computers and cannot be understood through basic mechanisms,A mechanism explains cause-and-effect and allows prediction in new situations,q2_c,"If the Moon's orbital speed were suddenly increased significantly, what would you predict?",The Moon would move into a higher orbit or escape Earth's gravity entirely,The Moon would move into a lower orbit closer to Earth because faster speed creates more drag,The Moon would remain in exactly the same orbit because orbital paths are fixed by distance,q3_a
22,9,Energy: where does it go?,What does the law of conservation of energy state about energy in a closed system?,Energy cannot be created or destroyed; it can only be transferred or converted from one form to another,Energy decreases slightly in every process due to natural losses that cannot be recovered,Energy is created by burning fuel and destroyed when it is absorbed by a cold object,q1_a,Why is understanding where energy goes in a process more useful than just knowing energy is conserved?,"Conservation is a law, so it applies automatically without needing detailed understanding",Energy tracking is only needed for electrical engineering and not for general science,A mechanism explains cause-and-effect and allows prediction in new situations,q2_c,"If useful mechanical energy in a machine were reduced, where would you predict the lost energy goes?",The energy would disappear permanently because machines cannot recover all stored energy,"The energy would be converted to heat through friction or air resistance, not destroyed",The energy would be stored in the machine's structure as elastic potential energy reserves,q3_b
23,9,How does a roller coaster convert energy?,What energy conversion occurs when a roller coaster moves from the top of a hill to the bottom?,Chemical energy from the motors converts to electrical energy that drives the coaster downward,Thermal energy from friction is converted into kinetic energy that increases the coaster's speed,Gravitational potential energy converts to kinetic energy as the coaster descends and accelerates,q1_c,Why is understanding the energy conversion mechanism more useful than just knowing coasters go fast?,Speed is already obvious from riding a coaster so no scientific explanation is needed,A mechanism explains cause-and-effect and allows prediction in new situations,"Energy conversion is only relevant when designing roller coasters, not for general learning",q2_b,"If a roller coaster hill were made twice as high, what would you predict about its speed at the bottom?",Speed would be exactly twice as high because height and speed have a direct linear relationship,"Speed would be greater but less than double because kinetic energy scales with height, not speed directly",Speed would be unchanged because the coaster mass stays constant regardless of height,q3_b
24,9,Why can machines never be 100% efficient?,Why is it impossible for any real machine to be 100% efficient?,All real machines lose some input energy as heat due to friction and other dissipative forces,Machines lose energy because their metal parts absorb electricity from the surrounding environment,Machines become less efficient over time because their parts gradually increase in mass,q1_a,Why is understanding the mechanism of energy loss more useful than just accepting that machines waste energy?,Accepting waste is practical engineering knowledge whereas mechanisms are purely theoretical,The mechanism only applies to machines invented before 1900 and not to modern technology,A mechanism explains cause-and-effect and allows prediction in new situations,q2_c,"If a machine's moving surfaces were lubricated to reduce friction, what would you predict about efficiency?",Efficiency would decrease because lubrication adds extra mass that requires more input energy,Efficiency would stay the same because friction losses are always replaced by electrical losses,Efficiency would increase because less energy would be converted to heat by friction,q3_c
25,9,How does sound travel?,How does sound travel from a source to your ears?,Sound travels as electromagnetic waves that do not need a medium and can pass through a vacuum,"Sound travels by heating the air around it, causing a chain of warm air pockets to carry the vibration",Sound travels as longitudinal pressure waves through a medium by compressing and expanding particles,q1_c,Why is understanding the mechanism of sound propagation more useful than just knowing sound travels?,Sound travel is obvious from daily experience so its mechanism is only needed for advanced music,Sound propagation mechanisms are only relevant in underwater acoustics and not in air,A mechanism explains cause-and-effect and allows prediction in new situations,q2_c,"If sound tried to travel through a vacuum such as outer space, what would you predict?",Sound would travel faster in a vacuum because there are no particles to slow it down,Sound would travel at the same speed in a vacuum as it does in air at sea level,Sound would not travel at all because there are no particles to transmit the pressure waves,q3_c
26,9,Why does sound change pitch?,What determines the pitch of a sound?,Pitch is determined by the amplitude of the sound wave; larger amplitude means higher pitch,Pitch is determined by the speed of sound in the medium; faster sound produces higher pitch,Pitch is determined by the frequency of the sound wave; higher frequency produces a higher pitch,q1_c,Why is understanding how frequency relates to pitch more useful than just memorising pitch exists?,A mechanism explains cause-and-effect and allows prediction in new situations,Pitch is a subjective experience so no objective mechanism can fully explain it scientifically,Frequency-pitch relationships only matter for professional musicians and recording engineers,q2_a,"If the frequency of a sound wave were doubled, what would you predict about its pitch?",The pitch would become higher because more compressions per second reach the ear per unit time,The pitch would become lower because doubling frequency causes wavelength to increase proportionally,The pitch would remain unchanged because only amplitude determines how high a sound sounds,q3_a
27,9,Why are stars different colours?,What determines the colour of a star as observed from Earth?,A star's colour depends on its surface temperature; hotter stars appear blue and cooler stars appear red,A star's colour depends on its chemical composition; iron stars appear red and hydrogen stars appear blue,A star's colour depends on its distance from Earth; closer stars appear blue and distant ones appear red,q1_a,Why is understanding the temperature-colour mechanism more useful than just knowing stars are different colours?,Star colours can be seen without a telescope so no further mechanism is needed for understanding,Star colour mechanisms are only relevant to professional astronomers using spectral telescopes,A mechanism explains cause-and-effect and allows prediction in new situations,q2_c,"If a star gradually cooled from a very high temperature, what colour change would you predict?","The star would shift from blue or white toward yellow, orange, and eventually red as it cools",The star would shift from red to blue as cooling lowers the energy of emitted photons,The star's colour would stay white because all stars emit the same spectrum regardless of temperature,q3_a
28,9,How do scientists know the universe is expanding?,What key observation provides evidence that the universe is expanding?,"Scientists have measured that the total number of stars increases each year, proving the universe grows","Distant galaxies show redshift, meaning their light is stretched to longer wavelengths as they move away","Telescopes detect that all stars are moving toward Earth, indicating the universe is concentrating inward",q1_b,Why is understanding the redshift mechanism more useful than just accepting that the universe expands?,Accepting expansion is sufficient; the mechanism is too mathematical for Class 9 students,A mechanism explains cause-and-effect and allows prediction in new situations,Redshift is measured by satellites so students cannot verify or understand it independently,q2_b,"If a galaxy were moving away from us faster than another galaxy, what would you predict about its light?",Its light would show a greater redshift with wavelengths stretched more toward the red end of the spectrum,Its light would appear bluer because faster motion compresses the wavelengths toward shorter values,Its light would show no shift because speed only affects the brightness of distant objects,q3_a
29,9,Could we ever travel to another star?,What is the primary scientific challenge in travelling to another star system?,"Stars are too hot to approach, so spacecraft would melt before reaching the destination","Interstellar space has too much gravity from dark matter, preventing spacecraft from moving outward",The vast distances to even the nearest stars mean travel times of thousands of years at current speeds,q1_c,Why is understanding the scientific mechanism of interstellar travel challenges more useful than just saying it is hard?,Knowing it is hard is enough to conclude that it will never happen so no mechanism is needed,A mechanism explains cause-and-effect and allows prediction in new situations,"Travel challenges are engineering problems not scientific ones, so mechanisms are irrelevant",q2_b,"If a spacecraft could travel at 10% of the speed of light, what would you predict about reaching Proxima Centauri?",The journey would take about one year because Proxima Centauri is only 4 light-minutes away,The journey would be instantaneous because at 10% light speed relativistic effects eliminate distance,The journey would take roughly 40 years because Proxima Centauri is about 4.2 light-years away,q3_c
30,9,Ultimate Challenge: Build a physics model explaining a real-world phenomenon,What is the first step when building a scientific model to explain a real-world phenomenon?,"Write the mathematical equations first, then find a phenomenon that matches the formula",Search for an existing model online and apply it directly without any personalised adaptation,Identify and clearly describe the phenomenon you want to explain before introducing any theory,q1_c,Why is identifying the mechanism within a physics model more useful than just stating what happens?,Stating what happens is sufficient for full marks in all Class 9 physics assessments,Physics models are decorative tools that visualise results without needing explanatory depth,A mechanism explains cause-and-effect and allows prediction in new situations,q2_c,"If your physics model made a prediction that did not match experimental data, what should you do?",Discard the experiment results because a well-built model is always more reliable than data,Revise the model to account for the new evidence and test the updated prediction again,Accept the mismatch as proof that the phenomenon is too complex for any scientific model,q3_b
1,10,Chemical reactions happening inside your body,Which chemical process inside your body breaks glucose into energy?,Photosynthesis converts glucose into oxygen and water,Fermentation converts glucose into starch for storage,Cellular respiration converts glucose into ATP energy,q1_c,Why is understanding the mechanism of a reaction more useful than just knowing the result?,Because memorised results are always accurate and never need explaining,A mechanism reveals cause-and-effect chains and allows prediction in new situations,Because mechanisms are simpler to write down than results,q2_b,What would happen to body reactions if body temperature dropped significantly?,"Enzyme activity would slow down, reducing the rate of metabolic reactions",Enzyme activity would increase because cold speeds up molecular collisions,Chemical reactions would remain unchanged since temperature does not matter,q3_a
2,10,How do we know a chemical reaction occurred?,Which observation is a reliable sign that a chemical reaction has occurred?,The mixture changes its container shape but stays the same substance,A new substance is formed with different properties than the reactants,The colour of the container changes but the chemicals remain the same,q1_b,Why does identifying the mechanism of a reaction matter more than memorising the result?,Because results are impossible to verify without laboratory equipment,Understanding mechanism lets you predict outcomes in unfamiliar situations,Because the mechanism is always more colourful and easy to observe,q2_b,What would happen to observable signs of reaction if you removed heat from an exothermic reaction?,The reaction rate would slow and temperature rise would be smaller,The reaction would speed up because less energy is wasted,The reaction signs would remain unchanged as heat is not a reactant,q3_a
3,10,Acids and bases inside everyday life,What property defines an acid according to its behaviour in water?,An acid releases hydroxide ions (OH-) when dissolved in water,An acid releases hydrogen ions (H+) when dissolved in water,An acid absorbs all surrounding moisture and turns blue litmus red,q1_b,Why is understanding the acid-base mechanism more useful than just knowing pH numbers?,Because pH numbers are not measurable in everyday kitchen experiments,Because the mechanism requires no mathematics and is simpler to use,The mechanism explains why neutralisation occurs and lets you predict reactions,q2_c,What would happen if you added more acid to a neutral salt solution?,The solution would remain neutral because salt buffers all added acids,The solution would turn basic because acid converts salts to bases,The pH would drop below 7 and the solution would become acidic again,q3_c
4,10,Why does antacid work?,How does antacid relieve acidity in the stomach?,Antacid absorbs all food in the stomach to prevent acid production,Antacid lowers body temperature so stomach cells stop producing acid,Antacid neutralises excess stomach acid through an acid-base reaction,q1_c,Why is knowing the neutralisation mechanism more useful than just knowing antacids help?,The mechanism explains which bases work and predicts how much to take,Because all antacids have identical chemical formulas and work identically,Because the mechanism is printed on packaging and removes guesswork,q2_a,What would happen if too much antacid were taken?,The stomach pH would remain at 2 because the body regulates acidity strictly,"The stomach would become too alkaline, causing discomfort and digestive problems",More acid would be produced to compensate for the neutralised acid,q3_b
5,10,Metals: why are they useful?,Which property of metals makes them useful for electrical wiring?,Metals have tightly bound electrons that block electrical current flow,Metals conduct electricity because they are transparent to photons,Metals have free electrons that allow easy conduction of electricity,q1_c,Why is understanding the metallic bonding mechanism more useful than listing metal uses?,Because listing uses requires memorisation while mechanism requires no memory,Because metallic bonding is the same in all materials including plastics,"The mechanism explains conductivity, malleability and ductility all at once",q2_c,What would happen to a metal's conductivity if its free electrons were removed?,Conductivity would increase because fewer electrons create less resistance,The metal would conduct only heat but not electricity without free electrons,The metal would lose conductivity and behave more like an insulator,q3_c
6,10,Why does corrosion happen?,What causes iron to corrode (rust) when exposed to air and moisture?,Iron reacts with nitrogen in air to form a brittle iron nitride layer,Iron reacts with oxygen and water to form iron oxide (rust),"Iron loses carbon atoms to the atmosphere, weakening its structure",q1_b,Why is understanding the oxidation mechanism of corrosion more useful than noting it happens?,Because all metals corrode identically so the mechanism is universal,Knowing the mechanism explains which conditions accelerate or prevent corrosion,Because the mechanism proves corrosion is beneficial and should not be stopped,q2_b,What would happen to iron corrosion if oxygen were completely removed from the environment?,Corrosion would accelerate because iron reacts faster without oxygen competition,The rate of rusting would stay the same as moisture is the only factor,Corrosion would stop or greatly slow because oxygen is essential for rusting,q3_c
7,10,How can corrosion be prevented?,Which method prevents corrosion by coating iron with a sacrificial metal?,Anodisation coats iron with copper to create a decorative barrier,Electroplating coats iron with carbon to block all chemical reactions,"Galvanisation coats iron with zinc, which corrodes preferentially instead",q1_c,Why is understanding the protective mechanism more important than just listing prevention methods?,The mechanism reveals why some coatings fail over time while others succeed,Because prevention methods never work and understanding explains why,Because all prevention methods use identical chemical principles anyway,q2_a,What would happen if a zinc coating on galvanised steel got scratched deeply?,The iron would rust immediately because scratching removes all protection,The iron would become more resistant because scratching hardens the surface,"Zinc would still corrode preferentially, protecting the exposed iron nearby",q3_c
8,10,Carbon: the element behind life,Why is carbon called the element behind life?,Carbon is the heaviest element and sinks to the core of all living cells,"Carbon forms four covalent bonds, enabling complex chains and ring structures",Carbon is the most abundant element in Earth's crust and atmosphere,q1_b,Why is understanding carbon's bonding mechanism more useful than memorising its uses?,The bonding mechanism explains why carbon forms millions of different compounds,Because memorised uses of carbon apply only to diamond and graphite,Because carbon's uses change annually so only the mechanism stays relevant,q2_a,What would happen to life on Earth if carbon could only form two bonds instead of four?,Life would be more complex because simpler atoms create more diverse molecules,Life would remain the same because bond number does not affect molecule diversity,"Carbon could not form complex molecules, making most biological molecules impossible",q3_c
9,10,Why can carbon form millions of compounds?,What unique property of carbon allows it to form millions of compounds?,"Carbon has the highest atomic mass among non-metals, allowing many reactions","Carbon can bond with itself and other atoms in chains, branches and rings","Carbon exists in liquid form at room temperature, enabling flexible bonding",q1_b,Why does understanding carbon's catenation mechanism matter more than listing compounds?,Because listing compounds is impossible since there are millions of them,Because catenation only applies to carbon and cannot explain anything else,The catenation mechanism explains why carbon chemistry underlies all organic life,q2_c,What would happen to the variety of organic compounds if carbon could not bond to itself?,The variety would increase because carbon would form stronger bonds with other atoms,The number of compounds would stay the same since other atoms form chains too,Organic chemistry would be extremely limited with very few carbon compounds possible,q3_c
10,10,How soap actually removes dirt,How does soap remove oil-based dirt from skin?,Soap molecules have a water-loving head and oil-loving tail that trap dirt,Soap dissolves all oils by converting them into water-soluble acids,"Soap neutralises all dirt chemically, breaking it down into harmless gases",q1_a,Why is understanding the micelle mechanism of soap more useful than knowing it cleans?,Because micelles are visible to the naked eye and easy to demonstrate,Because the mechanism proves that any liquid can replace soap for cleaning,The mechanism explains why soap works on oil but water alone cannot remove it,q2_c,What would happen to soap's cleaning ability in hard water with high mineral content?,Soap would clean more efficiently because minerals help break down grease,Soap would lose effectiveness because minerals react with it to form scum,Soap would clean identically because water hardness does not affect micelles,q3_b
11,10,How does DNA store information?,How does DNA store genetic information?,DNA stores information as electrical charges along its sugar-phosphate backbone,DNA stores information through its double-helix shape and overall length,"DNA stores information as sequences of four chemical bases: A, T, G, and C",q1_c,Why is understanding the base-sequence mechanism of DNA storage more useful than just knowing DNA exists?,Because knowing DNA exists is sufficient for understanding all genetic diseases,Because the mechanism proves DNA is the same in all living organisms always,The mechanism explains how mutations cause disease and how genes are read,q2_c,What would happen if a single base in a critical gene were changed by mutation?,Nothing would change because single base changes are always self-correcting,"A different amino acid could be incorporated, potentially altering protein function",The entire chromosome would be destroyed by the cell's repair mechanisms,q3_b
12,10,How are proteins produced from DNA instructions?,What is the correct sequence for protein production from DNA?,DNA is directly converted into proteins inside the nucleus without any intermediary,"DNA is transcribed into mRNA, which is translated into a protein at ribosomes",Proteins are copied directly from existing proteins using DNA as a guide only,q1_b,Why is understanding transcription and translation more useful than just knowing proteins come from DNA?,Because transcription and translation are only relevant for bacterial cells,The mechanism reveals why drugs targeting ribosomes can stop bacterial protein synthesis,Because translation is the only step that matters; transcription is just copying,q2_b,What would happen to protein production if ribosomes in a cell were destroyed?,Protein synthesis would halt completely because ribosomes are where mRNA is translated,Protein production would increase because the cell uses mitochondria as backup,Protein production would continue normally since DNA can produce proteins directly,q3_a
13,10,Why are offspring similar but not identical?,Why do sexually reproducing offspring resemble parents but are not identical?,Each parent contributes half the chromosomes; random gene combinations create variation,Offspring are identical to one parent but not the other due to dominant genes,Environmental factors during growth cause minor changes to inherited DNA sequences,q1_a,Why is understanding genetic variation mechanisms more useful than just noting family resemblances?,Because family resemblances are obvious and need no scientific explanation,"The mechanism explains inherited diseases, evolution and why siblings differ",Because the mechanism proves all siblings receive exactly 50% of each gene,q2_b,What would happen to variation if organisms reproduced only asexually?,Variation would increase because asexual reproduction allows more mutations,Variation would be the same because mutations occur at the same rate either way,Variation would decrease dramatically because offspring would be genetic clones,q3_c
14,10,How does natural selection work?,What is the core mechanism of natural selection?,Organisms choose to develop useful traits when the environment demands it,Individuals with traits better suited to the environment survive and reproduce more,The environment directly mutates DNA to match what each organism needs,q1_b,Why is understanding natural selection's mechanism more useful than just knowing evolution happens?,Because knowing evolution happens is all that is needed to pass exams,Because the mechanism proves evolution only applies to large visible animals,The mechanism predicts why antibiotic resistance evolves in bacteria populations,q2_c,What would happen to a trait in a population if it reduced reproductive success?,The trait would spread faster because disadvantaged individuals breed more,The trait would become rarer over generations as fewer carriers pass it on,The trait would remain stable in the population indefinitely through genetic drift,q3_b
15,10,Could humans evolve into a new species?,What condition is necessary for a new species to evolve from an existing one?,A deliberate genetic engineering programme decided by scientists over centuries,A sudden massive mutation changing all chromosomes in one generation,Reproductive isolation separating populations so gene flow stops between them,q1_c,Why is understanding speciation mechanism more useful than just wondering if humans will change?,"The mechanism explains how isolation, mutation and selection combine to create species",Because speciation never actually happens and is only a theoretical concept,Because the mechanism proves humans are the final evolutionary product and will not change,q2_a,What would happen to speciation rate if two human populations were permanently isolated?,Genetic differences would accumulate over many generations and speciation could occur,Speciation would be impossible because humans have too large a genome,The populations would remain genetically identical even after millions of years,q3_a
16,10,How does the human nervous system work?,What is the basic unit of the nervous system that transmits signals?,The synapse is the cell that generates and carries all nerve impulses,The neuron transmits electrical impulses along its axon to other cells,The myelin sheath is the cell responsible for sending nervous system signals,q1_b,Why is understanding nerve signal transmission more useful than knowing the nervous system exists?,"The mechanism explains reflex arcs, drug effects and neurological disease origins",Because the nervous system is only relevant in medical emergencies and surgery,Because the transmission mechanism is identical in all animals including insects,q2_a,What would happen to nerve signal speed if myelin sheaths were damaged?,Signal speed would increase because less insulation means faster ion flow,"Signal transmission would slow down or fail, as seen in multiple sclerosis",Signal speed would remain the same since myelin only provides structural support,q3_b
17,10,How do hormones control the body?,How do hormones communicate between organs in the body?,Hormones travel through the bloodstream and bind to specific target cell receptors,Hormones travel through nerves and activate cells by direct electrical contact,Hormones are solid particles stored in organs and released as powder into blood,q1_a,Why is understanding the hormone receptor mechanism more useful than knowing hormones regulate the body?,Because all hormones bind to the same receptor so specificity does not matter,Because the mechanism proves hormones only work in humans and higher mammals,The mechanism explains why a hormone affects one organ but not all cells equally,q2_c,What would happen if the pancreas stopped producing insulin?,"Blood glucose would rise uncontrolled, leading to diabetes mellitus symptoms",Blood sugar would fall to zero because the body would stop producing glucose,Blood sugar regulation would improve as the body would use alternative pathways,q3_a
18,10,Why do we need reproduction?,What is the primary biological purpose of reproduction?,Reproduction allows individual organisms to live longer by sharing resources,Reproduction ensures continuation of a species by producing new individuals,Reproduction increases the intelligence of offspring through genetic accumulation,q1_b,Why is understanding reproductive mechanisms more useful than just knowing species reproduce?,Mechanisms explain sexual versus asexual strategies and their evolutionary advantages,Because reproduction is a simple process that requires no scientific explanation,"Because all reproduction is identical across bacteria, plants and humans anyway",q2_a,What would happen to a species if all its members became infertile?,The species would adapt quickly by switching to asexual reproduction instead,The species would become extinct once existing individuals died with no offspring,The species would survive indefinitely because adults would still be alive,q3_b
19,10,How does an embryo develop?,What drives embryo development from a single fertilised egg cell?,The embryo grows by absorbing fully formed organs from the mother's bloodstream,Embryo development is driven by electrical signals from the father's sperm DNA,Cell division and differentiation guided by gene expression patterns create all organs,q1_c,Why is understanding embryonic differentiation more useful than just knowing babies develop?,Because embryo development takes nine months so no mechanism is needed,"The mechanism explains birth defects, stem cell therapy and developmental disorders",Because all embryos follow different development paths with no shared mechanism,q2_b,What would happen if a critical developmental gene were switched off early in embryogenesis?,Development would continue normally because other genes always compensate immediately,"A major organ or body structure could fail to form, causing developmental defects","Only the embryo's colour pigmentation would change, leaving structure unaffected",q3_b
20,10,What causes genetic diseases?,What is the direct cause of most genetic diseases?,"Mutations or inherited faulty alleles alter the DNA sequence, disrupting normal gene function",Genetic diseases are caused by poor diet that chemically damages chromosomes,Genetic diseases result from viruses permanently rewriting large sections of DNA,q1_a,Why is understanding inheritance mechanisms more useful than just listing genetic diseases?,Because all genetic diseases are untreatable so understanding them serves no purpose,Because genetic diseases only occur randomly and no pattern can be identified,Knowing inheritance patterns predicts disease risk and informs genetic counselling,q2_c,What would happen if both parents carry one copy of a recessive disease gene?,Each child would have a 25% chance of inheriting two copies and showing the disease,All children would be healthy because recessive genes are always masked,No children would carry the gene since parents are merely carriers,q3_a
21,10,Electricity: what is actually moving?,What actually moves through a metal wire when electric current flows?,Free electrons drift through the metal lattice from the negative to positive terminal,Protons jump between atoms in the direction of conventional current flow,Positively charged ions flow through gaps in the crystal lattice structure,q1_a,Why is understanding electron drift more useful than just knowing current flows?,"Electron drift explains resistance, heating effects and why insulators block current",Because knowing current flows is enough to design any electrical circuit,Because electron drift only applies in DC circuits and not in household AC supply,q2_a,What would happen to current flow if the conductor's free electron density were halved?,Current carrying capacity would reduce as fewer electrons are available to drift,Current would double because fewer electrons move faster through the wire,"Current would remain unchanged because voltage, not electron count, determines current",q3_a
22,10,Why does resistance occur?,What causes electrical resistance in a conductor?,Resistance is caused by electrons repelling each other and slowing each other down,Resistance occurs because positive current flows opposite to electron movement,"Electrons collide with metal ions in the lattice, losing energy with each collision",q1_c,Why is understanding resistance mechanism more useful than just applying Ohm's Law?,Because Ohm's Law only works for resistors and never for real-world conductors,Because Ohm's Law requires no mechanism since it is purely mathematical,The mechanism explains why resistance increases with temperature and length of wire,q2_c,What would happen to a wire's resistance if its temperature increased significantly?,Resistance would decrease because hot metals become better electrical conductors,Resistance would remain the same because temperature only affects mechanical properties,Resistance would increase because ions vibrate more and block electron flow more,q3_c
23,10,How does household electricity work?,What type of current is used in household electricity and why?,Alternating current (AC) is used because it can be transmitted efficiently over long distances,Direct current (DC) is used in homes because it is safer than alternating current,Pulsed current is used in homes because it reduces energy loss in appliances,q1_a,Why is understanding AC supply and earthing more useful than just knowing plugs have three pins?,Because all countries use the same plug type so mechanism is universal everywhere,"The mechanism explains live, neutral and earth roles and how fuses protect circuits",Because understanding AC means you can always repair electrical faults without tools,q2_b,What would happen to household appliances if supply voltage suddenly doubled?,Appliances would work better because more voltage provides more useful energy,"Excess current would flow through appliances, potentially burning out components",Appliances would switch to safe mode automatically using built-in regulators,q3_b
24,10,How does an electric motor work?,What is the core principle that makes an electric motor rotate?,An electric motor rotates because alternating current creates a spinning voltage,"A current-carrying conductor in a magnetic field experiences a force, causing rotation",The motor rotates because electrical charge accumulates on one side of the coil,q1_b,Why is understanding the force on a current-carrying conductor more useful than just knowing motors turn?,Because motors are now obsolete and have been replaced by digital actuators,"The mechanism explains motor speed control, direction reversal and torque production","Because the principle only applies to toy motors, not industrial electric motors",q2_b,What would happen to a motor's speed if the strength of the magnetic field were increased?,Speed would decrease because a stronger field creates more opposition to rotation,Speed would increase because a stronger field exerts a greater force on the coil,Speed would be unaffected because only voltage determines how fast a motor turns,q3_b
25,10,How does electromagnetic induction work?,What causes electromagnetic induction to produce a current?,A static magnet placed near a wire permanently induces a constant current,A changing magnetic field through a conductor induces an electromotive force (EMF),Induction occurs when two wires carrying current are connected in parallel,q1_b,Why is understanding Faraday's induction mechanism more useful than knowing generators exist?,Because Faraday's law is too complex for practical use in designing generators,Because induction only works in generators and cannot be applied elsewhere,"The mechanism explains how generators, transformers and wireless chargers all work",q2_c,What would happen to induced EMF if the coil rotated twice as fast inside the magnetic field?,Induced EMF would halve because faster rotation reduces each magnetic flux change,Induced EMF would remain the same because only the magnet's strength matters,Induced EMF would increase because the rate of change of magnetic flux increases,q3_c
26,10,How does a camera see?,How does a camera capture an image?,"A lens focuses light onto a sensor or film, forming an inverted real image",A camera captures images by detecting electrical signals from light-emitting objects,Light is absorbed by the camera body and chemically converted into colour patterns,q1_a,Why is understanding lens refraction and focus more useful than just knowing cameras take photos?,"The mechanism explains aperture, focal length, depth of field and image sharpness",Because all cameras are identical and no understanding is needed to use them,Because understanding optics only applies to film cameras and not digital ones,q2_a,What would happen to a camera image if the lens were replaced with a much shorter focal length?,The image would be identical because focal length only affects camera weight,The field of view would be wider and objects would appear smaller in the frame,The image would be darker because shorter lenses block more incoming light,q3_b
27,10,How does the human eye see?,How does the human eye form a clear image on the retina?,The retina emits signals that travel outward and reflect back from objects to form images,The pupil focuses light by expanding and contracting to bend rays onto the cornea,"The lens changes shape to focus light onto the retina, a process called accommodation",q1_c,Why is understanding accommodation and refraction more useful than just knowing eyes see?,Because accommodation is only relevant for children and does not apply to adults,"The mechanism explains short-sightedness, long-sightedness and how spectacles correct them",Because the eye's mechanism is identical to a camera and no extra explanation is needed,q2_b,What would happen to vision if the eye's lens became too stiff to change shape?,Vision would improve because a rigid lens provides a more stable focus,Vision would be unaffected because the cornea alone handles all focusing,"The eye could not focus at different distances, causing blurred near or far vision",q3_c
28,10,Why can't we see atoms with ordinary microscopes?,Why do ordinary light microscopes fail to image individual atoms?,"Atoms are smaller than the wavelength of visible light, so light cannot resolve them","Atoms are transparent to all light, so they cannot reflect any photons to the lens",Ordinary lenses overheat at high magnification before atoms become visible,q1_a,Why is understanding the resolution limit of light microscopes more useful than just knowing they exist?,Because all microscopes have exactly the same resolution limit regardless of type,The mechanism explains why electron microscopes and STMs were developed to image atoms,Because light microscopes are outdated and no longer used in any scientific laboratory,q2_b,What would happen to microscope resolution if you used ultraviolet light instead of visible light?,Resolution would worsen because UV light has longer wavelength than visible light,Resolution would improve because UV light has a shorter wavelength than visible light,Resolution would be the same because wavelength has no effect on microscope quality,q3_b
29,10,The physics of nuclear energy,Where does the enormous energy released in nuclear reactions come from?,Energy comes from mass converted to energy via Einstein's equation E = mc²,Nuclear energy comes from electrons moving between energy levels in the nucleus,The energy comes from chemical bonds in the nucleus being broken by heat,q1_a,Why is understanding nuclear fission and fusion mechanisms more useful than just knowing they produce energy?,"The mechanism explains radiation hazards, reactor design and waste management needs",Because fission and fusion produce identical amounts of energy by different routes,Because nuclear energy is banned worldwide so understanding it serves no practical purpose,q2_a,What would happen to the energy released if a heavier nucleus were split instead of uranium-235?,Less energy would be released because heavier nuclei are more stable and hard to split,Energy output depends on mass defect; some heavier nuclei can release more energy,Energy released would be identical regardless of which nucleus undergoes fission,q3_b
30,10,Ultimate Challenge: Solve a real-world science problem using Class 10 concepts,Which Class 10 concept best explains why a solar panel generates electricity from sunlight?,Electromagnetic induction: sunlight spins a coil inside a magnetic field,"Photoelectric effect: photons knock electrons free, creating current in the circuit",Chemical reactions: sunlight converts silicon into electrical charge carriers,q1_b,Why is applying multiple Class 10 concepts to a single real-world problem more powerful than one concept alone?,Real systems involve overlapping mechanisms: combining concepts leads to deeper solutions,Because real problems always have exactly one cause and one solution only,Because Class 10 concepts are all identical and combining them changes nothing,q2_a,What would happen to electric power output of a solar panel on a cloudy day?,Output would be identical because solar panels use reflected ground light not direct sunlight,Output would increase because cloud cover reduces temperature and improves panel efficiency,Output would decrease because fewer photons reach the panel to generate the photoelectric effect,q3_c
1,11,How scientists actually measure the universe,Which tool do scientists use to measure extremely large astronomical distances?,Standard rulers calibrated against laboratory laser measurements,Direct radar pulses bounced off distant galaxies,Parallax method using Earth's orbit as a baseline,q1_c,Why is identifying the underlying mechanism more scientifically useful than memorising a result?,Mechanisms are always simpler to remember than numerical results,Mechanisms replace the need for experimental data entirely,A mechanism explains cause-and-effect and allows prediction in new situations,q2_c,"If the baseline used for stellar parallax were doubled, what would happen to the measurable distance range?",The measurable range would halve because parallax angle decreases,The measurable range would stay the same since angle is absolute,The measurable range would roughly double as the parallax angle increases,q3_c
2,11,Why dimensions and units matter,What does dimensional analysis allow a scientist to check about an equation?,Whether the numerical coefficients are correct,Whether both sides have the same physical dimensions,Whether the variables are measured with SI instruments,q1_b,Why is using consistent units more useful than simply knowing a formula by heart?,Consistent units allow the cause-and-effect chain to be traced and errors to be predicted,Consistent units eliminate the need for significant figures,Consistent units make all physical constants equal to one,q2_a,"If a physicist switches from metres to centimetres in one term of an equation but not others, what is the likely outcome?",The answer will be correct because values are proportional,"Only the units of the final answer will change, not the numerical value","The equation becomes dimensionally inconsistent, producing an incorrect result",q3_c
3,11,Vectors: the mathematics of direction,How does a vector quantity differ from a scalar quantity?,A vector has both magnitude and direction; a scalar has magnitude only,A vector is always larger in value than its equivalent scalar,A scalar requires two numbers to specify; a vector requires only one,q1_a,Why is using vector addition more useful than simple arithmetic addition for forces?,Vector addition reveals the actual net effect by accounting for both magnitude and direction,Vector addition gives a larger resultant because it accounts for angles,Vector addition eliminates the need for trigonometry in physics problems,q2_a,"If two equal forces are applied to an object at 180 degrees to each other, what is the net force?",The net force is zero because the vectors cancel each other,"The net force equals the sum of the two magnitudes, acting in one direction",The net force equals twice the magnitude of either force,q3_a
4,11,What does velocity really mean?,What distinguishes velocity from speed?,Velocity is a vector quantity specifying both magnitude and direction of motion,Velocity is always numerically greater than speed for the same motion,Speed specifies direction while velocity gives only the rate of distance covered,q1_a,Why is knowing an object's velocity more useful than knowing only its speed?,"Velocity is always measured in SI units, making it more reliable",Velocity removes the need to measure time intervals during motion,"Velocity reveals direction of motion, enabling prediction of future position",q2_c,A car travels 60 km east then 60 km west. What is its average velocity for the whole journey?,"60 km/h east, because only the forward displacement counts","120 km divided by total time, giving a large positive value","Zero, because the total displacement is zero",q3_c
5,11,Why objects accelerate,What causes an object to accelerate according to Newton's second law?,The object's inherent tendency to speed up over time,A net unbalanced force acting on the object,An increase in the object's mass during motion,q1_b,Why is understanding the net force more useful than knowing an object's instantaneous speed?,Net force tells us the mass of the object without measuring it,Net force is constant for all objects regardless of mass,Net force reveals the cause-and-effect mechanism that predicts how motion will change,q2_c,"If the net force on an object is doubled while its mass stays the same, what happens to acceleration?",Acceleration halves because force and acceleration are inversely proportional,Acceleration remains unchanged since mass has not changed,"Acceleration doubles, since a = F/m and F has doubled",q3_c
6,11,Newton's laws in the real world,Which of Newton's laws explains why a passenger lurches forward when a bus brakes suddenly?,Newton's first law: the passenger's body continues moving forward due to inertia,Newton's third law: the bus pushes the passenger in the direction of motion,Newton's second law: braking creates a backward force that multiplies passenger mass,q1_a,Why is Newton's third law more useful than just knowing a force's magnitude?,"It reveals that every interaction involves paired equal-and-opposite forces, enabling prediction",Newton's third law removes the need to measure friction in real systems,It shows that action forces are always greater than reaction forces in practice,q2_a,"If a rocket expels exhaust gases at a higher speed, how does that affect the rocket's thrust?",Thrust increases because greater exhaust momentum produces a larger reaction force,Thrust decreases because faster exhaust reduces mass flow rate,Thrust stays the same since the rocket mass has not changed,q3_a
7,11,Why astronauts feel weightless,Why do astronauts in orbit feel weightless despite gravity still acting on them?,Gravity becomes zero at orbital altitude above Earth's surface,"They are in free fall, so no normal contact force acts on them",The spacecraft generates an anti-gravity field that cancels Earth's pull,q1_b,Why is understanding free fall more useful than saying 'there is no gravity in space'?,Free fall correctly identifies the mechanism: gravity acts but no surface reaction force exists,Free fall allows astronauts to produce gravity by spinning the spacecraft,Free fall proves that gravity diminishes to zero within 200 km of Earth,q2_a,"If the orbital speed of a spacecraft were suddenly reduced, what would happen?",The spacecraft would float outward into a higher orbit due to reduced centripetal force,The spacecraft would fall toward Earth as gravity is no longer balanced by orbital velocity,Gravity would still not affect the spacecraft since it is already in orbit,q3_b
8,11,Conservation of momentum,"In an isolated system, what happens to total momentum when two objects collide?",Total momentum increases because kinetic energy is transferred between objects,Total momentum decreases due to the heat generated during impact,Total momentum is conserved; it remains constant before and after collision,q1_c,Why is the conservation of momentum principle more useful than simply measuring impact forces?,Momentum conservation eliminates the need to measure mass in any calculation,It provides a cause-and-effect law that predicts outcomes without knowing collision details,"Impact forces are always greater than momentum changes, making forces irrelevant",q2_b,"If a stationary ball of mass 2 kg is hit by a 1 kg ball moving at 4 m/s and they stick together, what is the final speed?","4 m/s, because the moving ball transfers all its speed to the system","2 m/s, because speed is shared equally between the two balls","Approximately 1.33 m/s, from conservation of momentum (4 kg m/s / 3 kg)",q3_c
9,11,How rockets work,Which physical principle explains how a rocket accelerates in the vacuum of space?,Newton's third law: exhaust gases pushed backward propel the rocket forward,Bernoulli's principle: faster gas flow below the rocket creates upward lift,Archimedes' principle: the rocket displaces air to generate buoyant thrust,q1_a,Why is understanding rocket propulsion through Newton's third law more useful than knowing fuel burn rate?,Newton's third law shows that rockets can operate without fuel in deep space,Fuel burn rate is irrelevant since thrust depends only on exhaust temperature,It reveals the cause-and-effect mechanism linking exhaust momentum to rocket acceleration,q2_c,"If a rocket expels the same exhaust mass but at twice the velocity, how does thrust change?",Thrust halves because the exhaust takes longer to leave the engine,Thrust doubles because momentum of exhaust is proportional to its velocity,Thrust is unchanged since mass flow rate is the same,q3_b
10,11,Rotational motion: why wheels matter,What is the rotational equivalent of linear inertia called?,"Moment of inertia, which depends on mass distribution about the rotation axis","Angular velocity, which measures how fast the object completes each rotation","Torque, which is the rotational form of linear momentum",q1_a,Why is understanding torque more useful than knowing only a wheel's rotational speed?,Torque indicates the colour of the rotational field around the wheel,"Torque explains the cause of rotation, enabling prediction of angular acceleration",Torque replaces the need to measure angular displacement in wheel design,q2_b,"If the radius at which a force is applied to a wheel is doubled, what happens to the torque produced?",Torque halves because the moment arm becomes less efficient at greater distances,Torque doubles because torque = force multiplied by perpendicular distance,Torque stays the same since only the applied force determines rotation,q3_b
11,11,Why does a spinning top stay upright?,What physical phenomenon keeps a spinning top from falling over?,Surface tension between the tip and the floor prevents tilting,Gyroscopic effect: angular momentum resists changes to the axis of rotation,Bernoulli pressure differences above and below the top create upward lift,q1_b,Why does understanding angular momentum conservation explain a top's stability better than friction alone?,Angular momentum always equals zero when friction is present,Friction provides enough upward force to counteract gravity on the top,It reveals the mechanism: large angular momentum makes the axis resist reorientation,q2_c,"As a spinning top slows down, why does it begin to wobble and eventually fall?","Reduced angular momentum means less resistance to gravitational torque, causing precession and fall","Slower spin increases surface tension, pulling the tip sideways",Reduced friction at the tip allows gravity to push the top upward,q3_a
12,11,Energy and the laws of nature,What does the law of conservation of energy state?,Energy is always lost as heat in every physical process,Energy cannot be created or destroyed; it only changes from one form to another,Total energy in a system increases whenever work is done on it,q1_b,Why is energy conservation more useful than tracking the motion of every particle?,It provides a universal cause-and-effect law that predicts outcomes across all processes,Energy conservation lets us ignore mass during all physical calculations,Energy conservation proves that no process can ever produce useful work,q2_a,"If all kinetic energy of a falling ball is converted to heat on impact, what happens to total mechanical energy?",Mechanical energy decreases but total energy (including heat) remains conserved,Total energy increases because heat adds extra energy to the system,Mechanical energy is conserved because heat is just another form of kinetic energy,q3_a
13,11,How does gravity shape the universe?,What is Newton's law of universal gravitation?,"Every mass attracts every other mass with force proportional to their masses, inversely proportional to distance squared",Gravity acts only between large bodies and has no effect on small particles,Gravitational force increases linearly as the distance between two masses increases,q1_a,Why does understanding the inverse-square law of gravity enable better predictions than memorising planetary orbit periods?,The inverse-square law removes the need to calculate gravitational constants,Orbit periods are unrelated to gravitational force between two masses,"It reveals the mechanism linking distance to force, allowing prediction of any orbit or trajectory",q2_c,"If the distance between two masses is tripled, by what factor does the gravitational force change?",The force triples because distance and force are directly proportional,"The force is reduced by a factor of 9, since gravity follows an inverse-square relationship","The force is reduced by a factor of 3, since gravity decreases linearly with distance",q3_b
14,11,The molecular world of matter,What distinguishes intermolecular forces from intramolecular (chemical bond) forces?,Intermolecular forces are always stronger than the covalent bonds within a molecule,Intermolecular forces act between separate molecules; intramolecular forces hold atoms within one molecule,Intramolecular forces only exist in gaseous substances at high temperatures,q1_b,Why is understanding intermolecular forces more useful than memorising boiling points of substances?,Intermolecular forces eliminate the need to measure vapour pressure experimentally,"Boiling points are determined only by molecular mass, not by intermolecular forces","It reveals the mechanism behind physical properties, enabling prediction of behaviour under new conditions",q2_c,"If intermolecular forces in a liquid were significantly weakened, what would happen to its boiling point?",The boiling point would decrease because less energy is needed to separate weakly held molecules,The boiling point would increase because molecules would need more energy to interact,The boiling point would remain unchanged since it depends only on atmospheric pressure,q3_a
15,11,Why gases behave the way they do,What does the ideal gas law (PV = nRT) relate?,"Pressure, volume, amount of gas, and temperature in a mathematically predictable relationship","The viscosity, density, and molecular weight of a gas at a fixed temperature",The speed of gas particles and the number of atoms only at standard conditions,q1_a,Why is understanding kinetic molecular theory more useful than just knowing that gases expand when heated?,Kinetic theory proves that gases never exert pressure on container walls,"It reveals the particle-level mechanism linking temperature to pressure, enabling accurate predictions",Kinetic theory removes the need to measure gas volumes in any experiment,q2_b,"If a sealed gas container is heated, what happens to the pressure inside?",Pressure decreases because hot molecules move to lower energy states,Pressure increases because faster-moving molecules collide with the walls more frequently and forcefully,Pressure stays constant since the volume of a rigid container cannot change,q3_b
16,11,Thermodynamics: why heat flows,What does the second law of thermodynamics say about heat flow?,Heat flows equally in both directions between two objects at any temperature,"Heat spontaneously flows from a hotter object to a cooler object, not the reverse",Heat only flows when a mechanical pump forces energy between two systems,q1_b,Why is understanding thermodynamic laws more useful than simply observing that ice melts?,"Thermodynamic laws apply only to large industrial systems, not everyday phenomena",Thermodynamic laws reveal the cause (temperature gradient) and predict direction of heat transfer,Observing melting ice gives complete information about all thermodynamic processes,q2_b,"If a perfect insulator could surround a cup of hot tea, what would happen to the tea's temperature over time?",The tea would maintain its temperature because no heat could flow to the surroundings,The tea would cool rapidly because insulators accelerate heat loss to the environment,The tea would grow hotter because insulation traps and amplifies thermal energy,q3_a
17,11,Entropy: why time seems to have a direction,What is entropy a measure of in thermodynamics?,The degree of disorder or number of possible microstates in a system,The total amount of thermal energy stored in a system at absolute zero,The rate at which a system converts kinetic energy into potential energy,q1_a,Why does increasing entropy explain why time appears to move in one direction?,Entropy creates electrical gradients that drive molecular clocks in all organisms,"Entropy decreases in living systems, causing them to experience time backwards","Entropy always increases spontaneously, so disordered states are overwhelmingly more probable than ordered ones",q2_c,"If you watched a video of a glass shattering in reverse, why would it appear unnatural?","The reverse video shows entropy decreasing, which never occurs spontaneously in isolated systems","Glass pieces cannot move without external force, so the video must be manipulated","Sound waves from shattering would need to reverse direction, which is technically possible",q3_a
18,11,What actually happens during a chemical reaction?,What is activation energy in a chemical reaction?,The total energy released when all products are formed at the end of the reaction,The minimum energy required for reactant molecules to break old bonds and form new ones,The energy stored in the catalyst that is consumed during the reaction,q1_b,Why is understanding bond breaking and bond forming more useful than just knowing a reaction's equation?,Bond-level understanding removes the need for balanced chemical equations,Chemical equations are always incorrect and must be replaced by bond diagrams,"It reveals the cause-and-effect mechanism, allowing prediction of energy changes and reaction rates",q2_c,"If temperature is increased, what happens to the rate of most chemical reactions?",The rate increases because more molecules have enough energy to overcome activation energy,The rate decreases because higher temperature destabilises the transition state,The rate stays the same because reaction rate depends only on concentration,q3_a
19,11,Chemical equilibrium,What characterises a system that has reached chemical equilibrium?,All reactants have been completely converted into products and no reverse reaction occurs,"The forward and reverse reaction rates are equal, so net concentrations remain constant",The reaction has stopped entirely and no molecular collisions are taking place,q1_b,Why is Le Chatelier's principle more useful than just knowing equilibrium concentrations?,Le Chatelier's principle proves that equilibrium constants never change with temperature,It provides a cause-and-effect rule that predicts how equilibrium shifts when conditions change,Equilibrium concentrations are irrelevant; only reaction rates matter in industrial chemistry,q2_b,"If more product is added to a system at equilibrium, how does the equilibrium shift?",The equilibrium shifts toward reactants to reduce the excess product concentration,The equilibrium shifts toward more product to accommodate the addition,The equilibrium remains unchanged because product concentration does not affect balance,q3_a
20,11,Why pH matters to life,What does the pH scale measure in a solution?,The total number of dissolved molecules regardless of their charge,"The concentration of hydrogen ions (H+), indicating acidity or alkalinity",The temperature at which a solution transitions from acidic to neutral,q1_b,Why is maintaining pH within a narrow range more important to life than overall solute concentration?,"pH directly affects enzyme shape and activity, so even small changes disrupt biological reactions",Solute concentration has no effect on enzyme function or cellular processes,"Narrow pH ranges prevent oxygen from dissolving in blood, which is essential for life",q2_a,"If blood pH dropped from 7.4 to 6.9, what would most likely happen to enzyme activity?",Enzyme activity would increase because acidic conditions accelerate protein folding,Enzyme activity would remain the same since enzymes are resistant to pH changes,Enzyme activity would be severely disrupted because altered H+ concentration denatures enzyme structure,q3_c
21,11,The architecture of the living cell,What is the primary function of the cell membrane?,Selectively permeable barrier that controls what enters and exits the cell,Rigid wall that provides mechanical support and prevents all molecular exchange,Site of protein synthesis where ribosomes translate genetic information,q1_a,Why is understanding organelle specialisation more useful than simply listing their names?,Organelle names are universal identifiers that require no functional understanding,"Organelles all perform identical functions, so only quantity matters for cell health",Specialisation reveals the cause-and-effect link between structure and cell function,q2_c,"If a cell's mitochondria were removed, what would happen to its energy production?",Energy production would increase because the cell would switch to a more efficient pathway,Energy production would drop drastically because mitochondria are the main site of aerobic ATP synthesis,Energy production would be unaffected since mitochondria are not involved in ATP synthesis,q3_b
22,11,How enzymes accelerate life,How do enzymes speed up biochemical reactions?,By providing additional energy from their own molecular bonds to drive reactions,By lowering the activation energy needed for the reaction to proceed,By permanently bonding to substrates and preventing their reverse conversion,q1_b,Why is understanding the enzyme-substrate specificity model more useful than knowing reaction rates?,Specificity models predict reaction rates without requiring any experimental data,Reaction rates are always identical for all enzymes regardless of substrate type,It explains the cause-and-effect mechanism that predicts which reactions enzymes will catalyse,q2_c,"If an enzyme is heated above its optimal temperature, what happens to its catalytic activity?",Activity increases permanently because high temperature increases molecular kinetic energy,"Activity drops sharply because heat denatures the enzyme's shape, preventing substrate binding",Activity remains stable as enzymes are made of heat-resistant inorganic minerals,q3_b
23,11,Cellular respiration,What is the overall equation for aerobic cellular respiration?,Carbon dioxide + water produce glucose and oxygen using ATP energy,Glucose + nitrogen produces ammonia and water releasing chemical energy,"Glucose + oxygen produces carbon dioxide, water, and ATP energy",q1_c,Why is understanding the three stages of aerobic respiration more useful than just knowing ATP is produced?,Understanding stages reveals the cause-and-effect mechanism that predicts efficiency and byproducts,Knowing ATP quantity allows prediction of which stage generates the most heat,"The three stages produce identical ATP amounts, so distinguishing them has no practical value",q2_a,"If oxygen supply to a muscle cell is cut off, what pathway does the cell switch to?","The cell switches to anaerobic respiration (lactic acid fermentation), producing far less ATP",The cell switches to photosynthesis to produce its own glucose and oxygen,The cell continues aerobic respiration at a reduced rate using stored oxygen,q3_a
24,11,Photosynthesis: how plants capture sunlight,In which two main stages does photosynthesis occur?,Glycolysis in the cytoplasm and the Krebs cycle in the mitochondria,Chemiosmosis in the vacuole and enzyme activation in the cell wall,Light-dependent reactions in the thylakoid and the Calvin cycle in the stroma,q1_c,Why is understanding the light and dark reactions separately more useful than simply saying plants use sunlight?,It reveals how light energy is converted to chemical energy in each distinct stage,Separating the reactions proves that plants cannot survive without continuous daylight,"Both stages are identical in function, so separating them has no scientific benefit",q2_a,"If carbon dioxide concentration around a plant is doubled, what would likely happen to the rate of photosynthesis?",Photosynthesis would stop because excess CO2 blocks the light-dependent reactions,Photosynthesis rate would be unaffected since CO2 plays no role in the Calvin cycle,Photosynthesis rate would increase because CO2 is a key Calvin cycle substrate,q3_c
25,11,How neurons communicate,What is an action potential in a neuron?,A steady chemical gradient maintained by the neuron to attract neurotransmitters,A rapid reversal of membrane voltage caused by ion flow that propagates along the axon,A physical contraction of the axon that pushes electrical signals toward the synapse,q1_b,Why is understanding the action potential mechanism more useful than simply knowing neurons carry electrical signals?,The mechanism reveals ion channel dynamics and predicts how drugs or toxins affect nerve function,Electrical signal description tells us how to chemically block nerve transmission,Knowing neurons carry signals is sufficient information to design all neurological treatments,q2_a,"If a drug blocked sodium ion channels in a neuron's membrane, what would happen?","Action potentials would fail to generate, blocking signal transmission along the neuron",Action potentials would become stronger because potassium would compensate for sodium,Signal transmission would be unaffected as sodium is not involved in action potentials,q3_a
26,11,The human brain as an information-processing system,Which brain structure is primarily responsible for higher-order functions such as reasoning and language?,"The cerebellum, which coordinates balance and fine voluntary movements","The medulla oblongata, which controls automatic functions like breathing and heartbeat","The cerebral cortex, the outer layer of the brain involved in cognition and decision-making",q1_c,Why is understanding neural network plasticity more useful than memorising brain anatomy?,"Plasticity reveals the mechanism by which learning reshapes neural connections, enabling prediction of skill acquisition",Brain anatomy diagrams fully predict all cognitive outcomes without understanding plasticity,"Plasticity only applies to the spinal cord, not to higher brain functions like memory",q2_a,"If the corpus callosum connecting the brain's two hemispheres were severed, what would result?",No change would occur because each hemisphere independently processes all information,"The two hemispheres would lose the ability to share information, causing split-brain effects in perception",The brain would increase in overall processing speed due to reduced inter-hemisphere interference,q3_b
27,11,How genes encode biological information,How is genetic information stored in DNA?,"In sequences of nitrogenous base pairs (adenine, thymine, guanine, cytosine) that code for amino acids","In the length of the sugar-phosphate backbone, which varies between genes","In the physical shape of the double helix, which changes to encode different proteins",q1_a,Why is understanding the genetic code more useful than simply knowing that DNA contains genes?,It reveals the cause-and-effect mechanism from nucleotide sequence to protein structure to biological function,The genetic code proves that all organisms share identical genes without any variation,Knowing genes exist is sufficient to predict all evolutionary and developmental outcomes,q2_a,"If a single base in a codon is mutated to a different base, what may happen to the resulting protein?","The codon may code for a different amino acid, altering the protein's structure and function",The protein will be unaffected because single-base mutations never change amino acid sequence,The entire genome is destroyed and the cell dies immediately after any mutation,q3_a
28,11,Evolution and the origin of biodiversity,What is natural selection in evolutionary biology?,The deliberate breeding of organisms by humans to enhance desirable characteristics,The random mutation of genes that always leads to improved survival for the organism,The process by which organisms with heritable advantageous traits survive and reproduce more successfully,q1_c,Why is understanding the mechanism of natural selection more useful than simply listing species that evolved?,Listing species is sufficient to predict which organisms will survive future climate change,"Natural selection is identical to genetic drift, so understanding one replaces understanding the other",The mechanism reveals why variation and selection pressures cause populations to change predictably over time,q2_c,"If a new antibiotic is introduced and some bacteria already carry a resistance gene, what would evolution predict?","Resistant bacteria would survive and reproduce, causing the population to become predominantly resistant",All bacteria would develop resistance simultaneously through coordinated genetic response,"The bacteria would evolve away from the affected region, avoiding the antibiotic entirely",q3_a
29,11,What makes Earth suitable for life?,Which combination of factors makes Earth uniquely suitable for life as we know it?,"Proximity to the Sun, high volcanic activity, and absence of a moon causing constant tides","Liquid water, moderate temperature, protective atmosphere, and magnetic field shielding radiation","Pure oxygen atmosphere, uniform surface temperature, and absence of tectonic plate movement",q1_b,Why is understanding Earth's habitability factors more useful than just saying 'Earth has the right conditions'?,It identifies specific cause-and-effect mechanisms that can be used to assess habitability of other planets,A vague description accurately predicts all exoplanet habitability without further analysis,Habitability factors are unique to Earth and cannot be compared to any other planetary body,q2_a,"If Earth lost its magnetic field, what would be the most significant long-term effect on surface life?","Tectonic activity would cease, cooling the mantle and freezing the oceans within decades","Solar wind would strip away the atmosphere, increasing harmful radiation exposure and eroding habitability",Photosynthesis would double in efficiency because solar radiation would reach plants more directly,q3_b
30,11,Research Challenge: Explain one major unanswered scientific question,Which of the following is a major genuinely unanswered question in modern science?,"Why does the Sun rise in the east, which scientists have not yet explained through observation?","How does photosynthesis convert light into glucose, which remains completely unknown to biologists?",The nature of dark matter and dark energy dominating the universe's mass-energy content,q1_c,Why is framing a research question around a mechanism more useful than simply identifying an unknown fact?,Mechanism-based questions eliminate the need for experimental evidence in scientific research,A mechanistic question identifies cause-and-effect relationships that guide productive investigation and testable hypotheses,Unknown facts are more prestigious than mechanism questions in published scientific literature,q2_b,"If a scientist proposes that dark matter consists of a new particle, what would the next scientific step be?",Immediately accept the hypothesis because it is proposed by a credentialed scientist,Design experiments that could detect the proposed particle or rule out its properties through observation,Reject the hypothesis because all subatomic particles were discovered in the 20th century,q3_b
1,12,What is electric charge?,What is electric charge?,A fundamental property of matter that causes electromagnetic force,The flow of electrons through a conductor under voltage,The energy stored in a magnetic field around a wire,q1_a,Why is identifying the mechanism behind electric charge useful?,It reveals the cause-and-effect chain and enables prediction,It helps memorise the SI unit of charge (coulomb) faster,It allows students to skip mathematical derivations entirely,q2_a,"If you doubled the electric charge on two nearby particles, what happens to the force between them?",The force quadruples because Coulomb's law depends on the product of charges,The force doubles because charge and force are always proportional,The force halves because the field lines spread over a larger area,q3_a
2,12,How electric fields actually work,What does an electric field represent around a charged object?,The region where another charge would experience an electric force,The path that electrons physically travel between two terminals,The potential energy stored inside the charged object itself,q1_a,Why is understanding the electric field mechanism more useful than memorising field values?,Knowing the mechanism lets you predict field behaviour in new geometries,Mechanism values are always simpler to calculate than field formulas,Memorising values is unnecessary once the unit of field (V/m) is known,q2_a,"If you moved a test charge twice as far from a point charge, what would happen to the electric field strength?",It would decrease to one-quarter because field strength falls as 1/r squared,It would halve because the field is inversely proportional to distance,It would remain the same because field lines are infinite in extent,q3_a
3,12,Electric potential and energy,What does electric potential at a point in space represent?,The total charge accumulated on a conductor at that location,Work done per unit charge to bring a positive charge from infinity to that point,The magnetic flux linking a current loop near that point,q1_b,Why does understanding potential as a mechanism help more than memorising its formula?,The formula V = kQ/r is too complex for Class 12 students to apply,Mechanism understanding lets you predict energy changes when charge moves,Memorising the formula automatically gives the correct sign of potential,q2_b,"If the distance from a positive charge doubles, what happens to electric potential there?",It doubles because potential and distance are directly proportional,It halves because electric potential is inversely proportional to distance,It stays constant because potential depends only on the source charge,q3_b
4,12,Why capacitors store energy,How does a capacitor store energy?,By converting electrical energy into chemical energy in a dielectric,By producing a magnetic field between its two terminals,By accumulating opposite charges on two separated conducting plates,q1_c,Why is knowing the charge-separation mechanism in a capacitor useful?,It explains why capacitance changes when a dielectric is inserted,It makes it easier to remember the formula C = Q/V without derivation,It proves that capacitors and batteries are interchangeable in circuits,q2_a,"If a dielectric material is inserted between the plates of a charged capacitor, what changes?",The charge on the plates increases because the dielectric adds free electrons,The voltage across the plates increases to maintain the same stored charge,The capacitance increases because the dielectric reduces the effective electric field,q3_c
5,12,How circuits really behave,What do Kirchhoff's laws describe about circuit behaviour?,The relationship between magnetic flux and induced current in a loop,Conservation of charge at junctions and conservation of energy around loops,How resistance changes with temperature in metallic conductors,q1_b,Why is understanding circuit mechanisms better than memorising Ohm's law alone?,"Ohm's law is only valid for AC circuits, not for DC circuits",Mechanism understanding lets you analyse complex multi-loop circuits correctly,Memorising Ohm's law is sufficient for all Class 12 circuit problems,q2_b,"If you add a resistor in parallel to an existing resistor in a circuit, what happens to total resistance?",Total resistance increases because more components are added to the circuit,Total resistance remains unchanged because parallel paths do not interact,Total resistance decreases because additional current paths reduce overall opposition,q3_c
6,12,Why AC electricity is used in power grids,Why is alternating current preferred for long-distance power transmission?,"AC voltage can be stepped up by transformers, reducing transmission-line losses",AC electrons travel faster than DC electrons through copper wires,AC current never experiences resistance unlike DC current in cables,q1_a,Why is understanding the transformer mechanism important for AC grids?,It proves that DC power lines are physically impossible to construct,It shows that AC frequency must always equal 50 Hz worldwide,It explains how voltage is raised and lowered efficiently across the grid,q2_c,"If the transmission voltage is doubled, what happens to power lost as heat in the cables?",Power loss doubles because higher voltage forces more current through the cable,Power loss stays the same because resistance of cables does not change with voltage,Power loss falls to one-quarter because loss is proportional to current squared,q3_c
7,12,Electromagnetism: electricity creating magnetism,What does a current-carrying conductor produce around itself?,An electric field that repels nearby positive charges uniformly,A magnetic field whose strength depends on the current and wire geometry,A gravitational field proportional to the mass of moving electrons,q1_b,Why is the concept of magnetic field as a mechanism more useful than just knowing the right-hand rule?,"The right-hand rule is only applicable to solenoids, not straight wires",Understanding the mechanism lets you predict field direction for any current shape,Knowing the rule is sufficient; mechanisms are not tested in Class 12,q2_b,"If the current through a solenoid is doubled, what happens to the magnetic field inside?",The field doubles because magnetic field in a solenoid is directly proportional to current,The field halves because more current causes electrons to cancel each other,The field remains constant because it depends only on the number of turns,q3_a
8,12,How electric motors work,What is the principle behind an electric motor converting electrical to mechanical energy?,Resistance heating in the coil causes it to expand and drive a shaft,Changing voltage in the coil creates pressure that pushes the rotor outward,A current-carrying coil in a magnetic field experiences a torque that makes it rotate,q1_c,Why does understanding the force-on-current mechanism matter in motor design?,It proves motors only work with DC and never with AC supply,It allows engineers to predict torque and improve motor efficiency,It shows that the commutator is unnecessary in all modern motors,q2_b,"If the magnetic field strength inside a motor is doubled, what happens to the torque?",Torque halves because a stronger field opposes the coil's rotation,Torque doubles because the force on a current-carrying conductor is proportional to field strength,"Torque remains unchanged because torque depends only on current, not field",q3_b
9,12,How generators work,What is the core principle by which a generator produces electricity?,"A rotating coil in a magnetic field experiences changing flux, inducing an EMF",Chemical reactions in the coil convert heat directly into electrical current,Friction between the rotor and stator strips electrons from the conductor,q1_a,Why is Faraday's law of induction the key mechanism for generators?,"It states that voltage equals current divided by time, simplifying generator design",It quantifies how changing magnetic flux through a coil produces EMF,It proves that AC generators always produce exactly 220 V output,q2_b,"If a generator's coil spins twice as fast, what happens to the induced EMF?",EMF doubles because the rate of change of magnetic flux increases with speed,EMF halves because faster rotation reduces the time flux is changing,EMF stays the same because the magnetic field inside the generator is fixed,q3_a
10,12,Maxwell's great unification,What did Maxwell's equations unify into a single framework?,Gravity and nuclear forces into a single field equation,Thermodynamics and electrostatics into a combined energy principle,Electricity and magnetism as two aspects of one electromagnetic interaction,q1_c,Why was Maxwell's prediction of electromagnetic waves a landmark in physics?,"It replaced Newton's laws, making mechanics obsolete for all purposes",It showed that changing fields can propagate through space without a medium,It proved that light travels at different speeds in different reference frames,q2_b,"If Maxwell had found that electromagnetic waves needed a medium to travel, what would follow?",Radio signals would travel faster in vacuum than in glass fibres,Television would work better in air than in underground cables,Light could not travel through the vacuum of space to reach Earth from the Sun,q3_c
11,12,How electromagnetic waves travel through space,How do electromagnetic waves propagate through empty space?,A medium of aether carries the oscillations from one point to another,Photon particles push against the vacuum to create a pressure wave,Oscillating electric and magnetic fields mutually regenerate each other as they travel,q1_c,Why is the mutual induction mechanism between E and B fields important?,It explains how EM waves can carry energy across a perfect vacuum,It shows why EM waves travel faster in water than in air,It proves that EM waves must always travel at the speed of sound,q2_a,"If the frequency of an electromagnetic wave is doubled, what happens to its wavelength?",Wavelength doubles because frequency and wavelength always increase together,Wavelength halves because speed equals frequency times wavelength and speed is constant,Wavelength stays the same because both are fixed properties of the wave type,q3_b
12,12,"How radio, Wi-Fi and mobile signals work",How is information carried by a radio wave?,By sending pulses of visible light coded as binary through the air,By physically vibrating air molecules at the transmission frequency,By modulating the amplitude or frequency of a carrier electromagnetic wave,q1_c,Why does understanding modulation explain why AM and FM radio sound different?,"FM modulates amplitude while AM modulates frequency, causing different volumes",Both AM and FM use the same modulation but differ only in transmission power,AM varies amplitude and picks up more electrical noise; FM varies frequency and is clearer,q2_c,"If a Wi-Fi router switches from 2.4 GHz to 5 GHz, what changes about the signal?",The signal travels farther because higher frequency waves have more energy,The signal has shorter range but higher data capacity due to the higher frequency,The signal strength stays the same because routers regulate power automatically,q3_b
13,12,How lenses form images,How does a convex lens form a real image of a distant object?,It reflects incoming light inward using a curved mirrored surface,It absorbs light from the object and re-emits it at a focused spot,It refracts parallel light rays so they converge at the focal point,q1_c,Why does understanding refraction as a mechanism explain lens power?,It explains why a more curved lens bends light more and has shorter focal length,It shows that lens colour determines whether the image is real or virtual,"It proves that only glass lenses can form images, not plastic ones",q2_a,"If an object moves closer to a convex lens than its focal length, what type of image forms?","A virtual, upright, magnified image on the same side as the object","A real, inverted, magnified image on the opposite side of the lens",No image forms because light rays become parallel when they leave the lens,q3_a
14,12,How optical fibres transmit information,What physical principle keeps light inside an optical fibre?,Total internal reflection at the core-cladding boundary when angle exceeds critical angle,Magnetic fields in the cladding repel photons back toward the fibre centre,Absorption of light by the cladding forces energy back into the core,q1_a,Why is total internal reflection a better mechanism than simple reflection for fibres?,"It allows fibres to work only with infrared, excluding visible light entirely",It traps nearly 100% of light with no silvered coating needed on the core,It works only when the fibre is completely straight with no bends at all,q2_b,"If the refractive index difference between core and cladding is reduced, what happens?",Light travels faster in the core and the signal arrives earlier at the receiver,The fibre becomes more flexible because a smaller index difference reduces stress,"The critical angle increases, making total internal reflection harder and causing more light loss",q3_c
15,12,Why light behaves like a wave and a particle,Which experiment demonstrates the wave nature of light?,Young's double-slit experiment showing interference fringes on a screen,The photoelectric effect showing light ejects electrons from a metal,Compton scattering showing photons transfer momentum to electrons,q1_a,Why does the photoelectric effect prove light's particle nature?,It shows light waves can be reflected and refracted by metallic surfaces,It demonstrates that light travels at exactly 3 x 10^8 m/s in all materials,"It shows that ejection depends on frequency not intensity, requiring discrete photons",q2_c,"If the frequency of light shining on a metal is below the threshold, what happens?",No electrons are ejected regardless of intensity because photon energy is too low,Electrons are slowly ejected over time as energy accumulates from the wave,Electrons gain kinetic energy proportional to light intensity but are not ejected,q3_a
16,12,The strange world of quantum mechanics,What does quantum mechanics state about the behaviour of particles at atomic scales?,Particles exist as probability waves; their exact state is indeterminate until measured,Particles follow precise trajectories that can be calculated using Newton's laws,Particles always exist at rest inside atoms unless external energy is added,q1_a,Why does the concept of wave functions help predict quantum outcomes?,"Wave functions give exact positions of electrons, making experiments easier","Wave functions apply only to photons, not to massive particles like electrons","Wave functions give probability distributions, letting us predict measurement outcomes statistically",q2_c,"If you observe an electron's position precisely in a quantum system, what is the consequence?",Its momentum becomes highly uncertain because of the Heisenberg uncertainty principle,Its energy becomes perfectly defined because position and energy are linked,Its colour changes because observation alters the electromagnetic state of the electron,q3_a
17,12,What does the uncertainty principle actually mean?,What does Heisenberg's uncertainty principle state?,"Precisely knowing position makes momentum fundamentally unknowable, and vice versa",Scientific instruments always introduce measurement errors due to friction,Electrons cannot be detected because they are too small for any device to measure,q1_a,"Why is the uncertainty principle a fundamental feature of nature, not just a measurement limitation?",It arises because quantum particles are too fast for modern instruments to track,"It reflects an intrinsic property of wave-like particles, not a limitation of instruments",It applies only at room temperature and disappears when particles are cooled,q2_b,"If Planck's constant were much smaller, what would happen to quantum uncertainty effects?","Uncertainty effects would grow larger, making everyday objects behave quantum mechanically",Quantum uncertainty effects would become negligible and the quantum world would resemble classical physics,The uncertainty principle would apply only to photons and not to electrons,q3_b
18,12,How atoms produce spectral lines,Why do atoms emit light only at specific wavelengths?,"Electrons jump between fixed energy levels, releasing photons of precise energies",Atoms vibrate at natural frequencies that heat the surrounding air into glow,The nucleus emits gamma rays that are filtered into visible wavelengths by electrons,q1_a,Why does hydrogen's emission spectrum prove that electron energy levels are quantised?,The discrete spectral lines match calculated energy differences between specific electron orbits,"Hydrogen emits white light when heated, confirming a continuous energy spectrum","Hydrogen's spectrum changes with temperature, disproving fixed energy levels entirely",q2_a,"If an atom absorbs a photon with energy exactly equal to the gap between two levels, what happens?","The electron jumps to the higher energy level, producing an absorption line in the spectrum",The photon is reflected because the atom cannot accept energy from outside,"The photon splits into two smaller photons, each exciting a separate electron",q3_a
19,12,Nuclear energy: what happens inside the nucleus?,Why does nuclear fission release enormous amounts of energy?,Electrons are stripped from atoms and their electrical energy is converted to heat,Splitting a heavy nucleus releases binding energy as products have less mass than the original,Chemical bonds in uranium molecules break and release stored chemical energy,q1_b,Why is binding energy per nucleon important for understanding nuclear stability?,Higher binding energy per nucleon means the nucleus is less stable and decays faster,It determines the maximum atomic mass of any stable element in the periodic table,Higher binding energy per nucleon means more energy is needed to pull the nucleus apart,q2_c,"If uranium-235 absorbs a neutron and undergoes fission, what is released?","Two or three neutrons that can trigger further fissions, enabling a chain reaction","Two protons and an alpha particle, which then decay slowly into lead isotopes",Only gamma radiation and no additional particles that could trigger further fissions,q3_a
20,12,How nuclear reactors work,What is the role of a moderator in a nuclear reactor?,It absorbs all neutrons to prevent the chain reaction from going critical,It converts the heat from fission directly into electrical current,It slows fast neutrons to thermal energies so they can trigger further fissions,q1_c,Why are control rods essential for safe reactor operation?,They generate additional neutrons to boost power output when demand increases,They reflect neutrons back into the fuel to increase the efficiency of the moderator,They absorb excess neutrons to regulate the fission rate and prevent runaway reactions,q2_c,"If control rods are fully inserted into a reactor core, what happens to the chain reaction?",The reaction accelerates because the rods reflect more neutrons back into the fuel,The chain reaction slows and stops because the rods absorb most of the available neutrons,The reaction rate stays the same because fuel quantity is the only controlling factor,q3_b
21,12,Semiconductor physics,What distinguishes a semiconductor from a conductor and an insulator?,Its conductivity lies between conductors and insulators and increases with temperature,It conducts electricity only in one direction like a one-way valve,It stores charge like a capacitor and releases it in bursts of current,q1_a,Why does doping a semiconductor with pentavalent atoms create an n-type material?,Pentavalent atoms have fewer electrons than silicon and create positive holes,"Pentavalent dopants attract electrons from neighbouring atoms, removing free carriers","Pentavalent atoms introduce an extra electron not needed for covalent bonds, adding free carriers",q2_c,"If temperature of an intrinsic semiconductor is increased, what happens to its conductivity?",Conductivity decreases because heat causes lattice vibrations that block electron flow,Conductivity stays constant because intrinsic carriers are fixed by the crystal structure,Conductivity increases because more electron-hole pairs are thermally generated across the band gap,q3_c
22,12,How a transistor works,What is the fundamental function of a transistor in electronic circuits?,To store electrical charge and release it slowly through a load resistor,To convert AC signals into DC by allowing current in only one direction,To amplify or switch signals; a small base current controls a much larger collector current,q1_c,Why does a small base current control a much larger collector current in a BJT?,The collector is made of superconducting material that amplifies any incoming signal,The base current injects minority carriers that dramatically widen the depletion region,"Minority carriers injected at the thin base diffuse to the collector, controlling the larger current flow",q2_c,"If the base of an NPN transistor receives no current, what happens to the collector circuit?",Maximum collector current flows because the base-emitter junction becomes forward biased,The collector current reverses direction and flows from emitter to collector,The transistor is cut off and virtually no current flows through the collector circuit,q3_c
23,12,How computer chips are made,What process is used to create transistor patterns on silicon wafers?,Photolithography uses light through a mask to etch circuit patterns into the silicon,Laser engraving directly burns transistor channels into the silicon surface,Chemical deposition grows transistor structures by adding layers of pure metal,q1_a,Why does reducing transistor size to nanometres improve chip performance?,"Smaller transistors switch faster, consume less power, and allow more per chip","Smaller transistors need higher voltage to switch, producing faster signals",Larger transistors are physically stronger and resist heat damage better,q2_a,"If a chip manufacturer reduces transistor size below about 5 nm, what new challenge appears?","Quantum tunnelling causes electrons to leak through barriers, causing current leakage",Transistors become too large to fit in the available silicon area of the wafer,Electron mobility drops to zero and the chip becomes a perfect insulator,q3_a
24,12,How solar cells convert light into electricity,What is the photovoltaic effect that makes solar cells work?,"Photons excite electrons across the p-n junction band gap, generating a current","Sunlight heats the silicon, which then produces current by the thermoelectric effect","Photons ionise gas inside the cell, which then conducts electricity to the circuit",q1_a,Why is the p-n junction essential to producing a useful current in a solar cell?,It blocks all current flow unless sunlight heats the junction above 100 degrees Celsius,It converts photon wavelengths into electrons whose energy matches the load resistance,The built-in electric field at the junction separates electron-hole pairs before they recombine,q2_c,"If photons with energy lower than the band gap of silicon strike a solar cell, what happens?",They generate twice as many electron-hole pairs through a two-photon absorption process,They are reflected off the anti-reflective coating and never enter the silicon material,They pass through without generating electron-hole pairs and contribute no electrical output,q3_c
25,12,Relativity: why time slows down,What does Einstein's special relativity say about time for a moving observer?,Time passes more slowly for an observer moving at high speed relative to a stationary one,Time passes more quickly for a moving observer because energy accelerates clocks,Time is unaffected by motion and always passes at the same rate for everyone,q1_a,Why does understanding time dilation as a mechanism matter for GPS satellites?,GPS clocks must be corrected for relativistic time dilation to give accurate positions,GPS satellites move too slowly for relativity to have any measurable effect on them,Time dilation in GPS is corrected by adjusting the satellite's orbital altitude only,q2_a,"If a spacecraft travels at 99% of the speed of light for one year by onboard clock, how long passes on Earth?",Exactly one year passes on Earth because both frames measure the same elapsed time,Less than one year passes on Earth because the spacecraft's high energy compresses time,Many more than one year passes on Earth because of relativistic time dilation,q3_c
26,12,Black holes and event horizons,What defines the event horizon of a black hole?,The surface of the neutron star before it collapses into a singularity,The boundary beyond which escape velocity exceeds the speed of light,The region where the black hole's magnetic field deflects all incoming matter,q1_b,Why can nothing escape from inside a black hole's event horizon?,The temperature inside the event horizon is too high for matter to remain intact,Matter inside is magnetised and attracted to the singularity by electromagnetic force,Even light cannot travel fast enough to overcome the extreme gravitational curvature of spacetime,q2_c,"If a black hole's mass doubled, what would happen to its Schwarzschild radius (event horizon size)?",The radius would quadruple because gravitational strength scales with the square of mass,The radius would stay the same because event horizon size depends only on density,The radius would double because Schwarzschild radius is directly proportional to mass,q3_c
27,12,How scientists detect gravitational waves,What instrument is used to detect gravitational waves?,A radio telescope array that captures the sound emitted by merging black holes,A laser interferometer such as LIGO that measures tiny changes in arm length,A network of seismometers on Earth's surface recording spacetime vibrations,q1_b,Why must LIGO's arms be kilometres long to detect gravitational waves?,"Gravitational wave stretching is proportional to arm length, making longer arms more sensitive",Longer arms allow the laser to build up enough energy to split the spacetime wave,Shorter arms would cause the laser beams to interfere before reaching the detector,q2_a,"If two merging black holes are twice as massive, what happens to the gravitational wave signal?",The signal frequency doubles because heavier objects orbit each other more slowly,The signal is stronger and at lower frequency because more massive systems orbit more slowly and radiate more power,The signal is undetectable because more massive black holes produce no gravitational radiation,q3_b
28,12,Dark matter and dark energy,What evidence indicates that dark matter exists?,Galaxies rotate faster at their edges than visible mass alone can explain,Telescopes detect dark matter directly as black patches blocking starlight,Dark matter emits infrared radiation that can be measured by space observatories,q1_a,Why does dark energy explain the accelerating expansion of the universe?,Dark energy acts as a repulsive pressure in space that counteracts gravitational attraction,Dark energy is a form of antimatter that repels normal matter gravitationally,"Dark energy heats the cosmic microwave background, pushing galaxies apart thermally",q2_a,"If dark energy increases over time, what would be the ultimate fate of the universe?",The universe would collapse in a Big Crunch as dark energy reverses and becomes attractive,The universe would reach a stable equilibrium where expansion exactly balances gravity,The expansion would accelerate so much that even atoms could eventually be torn apart,q3_c
29,12,The search for life beyond Earth,What is the habitable zone around a star?,The range of orbital distances where liquid water could exist on a planet's surface,The region within 100 light-years of Earth where radio signals could be received,The zone where a planet has enough gravity to retain a thick nitrogen atmosphere,q1_a,Why do scientists look for biosignatures such as oxygen and methane in exoplanet atmospheres?,These gases are unique to rocky planets and confirm the planet is Earth-sized,"Both gases are only produced by volcanic activity, indicating geological activity compatible with life",Their simultaneous presence is unlikely without biology because they chemically destroy each other,q2_c,"If an exoplanet is found with large amounts of oxygen but no methane or organic molecules, what is likely?",Life is definitely present because oxygen is always produced by photosynthetic organisms,Oxygen may have a non-biological source such as photodissociation of water vapour,Life is present and consuming methane faster than it is produced by the biosphere,q3_b
30,12,Grand Challenge: What will the next scientific revolution be?,Which of the following best describes how major scientific revolutions occur historically?,Scientists vote democratically to replace one theory with another by consensus,Governments fund research that confirms existing theories and discards alternatives,Anomalies accumulate until a new paradigm replaces the old framework entirely,q1_c,Why is unifying quantum mechanics with general relativity considered the biggest open challenge?,Both theories are completely wrong and must be discarded before a new theory can emerge,They use fundamentally incompatible mathematical frameworks that break down at extreme scales,They describe the same phenomena at different scales and always produce identical predictions,q2_b,"If a future theory successfully unifies quantum mechanics and gravity, what would it predict?","Physics inside black holes and at the Big Bang singularity, which current theories cannot describe",That gravity does not actually exist and all attraction is caused by electromagnetic fields,That atoms are made of four fundamental particles rather than the current three quark types,q3_a
